7_1_posi,2_1_posi,10.164369107174236
5_0_posi,2_1_posi,10.368989432330494
5_0_posi,2_2_nega,11.87461212639353
7_0_nega,2_1_posi,10.800709751987684
5_2_posi,2_1_posi,10.118740784029072
7_1_nega,2_1_posi,10.47762741389996
7_1_nega,2_2_posi,10.408879841492464
7_1_nega,3_1_posi,10.14718224865569
1_3_nega,3_2_nega,10.657896545111441
1_3_nega,3_1_posi,12.377462808526305
0_0_posi,2_0_nega,10.617249682332968
0_0_posi,1_1_posi,10.54721664660156
0_0_posi,2_1_posi,11.352308679459505
0_0_posi,2_2_posi,11.177729585488933
0_0_posi,3_6_posi,10.105000392530927
0_0_posi,3_2_posi,10.179539321577886
0_0_posi,3_2_nega,10.921981843733686
0_0_posi,2_2_nega,10.551002111872434
0_0_posi,3_1_posi,10.522408165275372
5_1_posi,3_3_posi,10.005603162948473
5_1_posi,1_1_nega,11.340480963764694
5_1_posi,2_1_posi,12.096774627969967
5_1_posi,3_2_posi,11.162089527503928
5_1_posi,2_2_nega,11.825720996522884
5_1_posi,3_1_posi,10.504956221229344
0_6_nega,3_1_posi,12.476772343849941
3_4_posi,3_3_nega,10.811819085995246
3_4_posi,4_1_nega,11.616532167891826
3_4_posi,7_6_nega,10.002371919397476
3_4_posi,1_1_nega,10.842434140458778
3_4_posi,7_7_nega,10.628259963231734
3_4_posi,2_1_posi,12.488018856129198
3_4_posi,2_2_posi,12.118409828983381
3_4_posi,2_1_nega,11.709958769938588
3_4_posi,3_2_posi,12.173519558779851
3_4_posi,3_2_nega,11.605082172815639
3_4_posi,3_1_nega,12.198996561910693
3_4_posi,2_2_nega,13.333063527902727
3_4_posi,3_1_posi,12.408524975741555
7_4_posi,4_1_posi,10.632351569991963
7_4_posi,4_2_posi,10.395151267007837
7_4_posi,1_1_nega,11.100943586903204
7_4_posi,7_7_nega,10.329708294678891
7_4_posi,2_1_posi,13.601436655879429
7_4_posi,2_2_posi,14.779579079022719
7_4_posi,2_1_nega,13.816340435022354
7_4_posi,3_2_posi,10.293702307665908
7_4_posi,3_2_nega,11.990026325533165
7_4_posi,3_1_nega,13.802939710751525
7_4_posi,2_2_nega,13.34944685145929
7_4_posi,3_1_posi,13.669667201931901
0_2_nega,7_4_nega,11.281180727024672
0_2_nega,2_0_posi,11.674617395648559
0_2_nega,3_0_posi,10.849796546390113
0_2_nega,3_3_posi,11.046429478660219
0_2_nega,3_0_nega,10.848899452988334
0_2_nega,4_1_posi,10.125710121027831
0_2_nega,3_3_nega,11.006916980064977
0_2_nega,2_0_nega,12.498929176523548
0_2_nega,4_2_posi,10.42169325828715
0_2_nega,1_1_posi,11.266863817352371
0_2_nega,4_0_nega,11.148790269138885
0_2_nega,4_2_nega,12.467292018942414
0_2_nega,2_1_posi,13.266028754562704
0_2_nega,2_2_posi,13.676038646780285
0_2_nega,3_6_posi,12.289413741091343
0_2_nega,2_1_nega,11.243678236404667
0_2_nega,3_2_posi,15.092324286876774
0_2_nega,3_2_nega,12.934412418331727
0_2_nega,3_1_nega,13.28226582778153
0_2_nega,2_2_nega,13.574885496465914
0_2_nega,3_1_posi,16.290041814201654
0_3_nega,2_0_posi,10.582368562829323
0_3_nega,3_3_posi,10.944620657428473
0_3_nega,3_0_nega,10.977391434337598
0_3_nega,7_6_nega,10.633864656403299
0_3_nega,1_1_nega,10.734949058189825
0_3_nega,7_7_nega,10.215286005380742
0_3_nega,2_1_posi,14.825928893715266
0_3_nega,2_2_posi,12.418309541365616
0_3_nega,3_6_posi,10.391748043153827
0_3_nega,2_1_nega,12.429987329942472
0_3_nega,3_2_posi,11.487312552037245
0_3_nega,3_2_nega,12.532618866095973
0_3_nega,3_1_nega,12.72025539437319
0_3_nega,2_2_nega,12.070868825412312
0_3_nega,3_1_posi,12.570535320586215
1_0_posi,3_0_posi,11.49828498001273
1_0_posi,3_3_posi,11.577265562141212
1_0_posi,3_0_nega,10.538432630169476
1_0_posi,4_1_posi,10.825069454969768
1_0_posi,2_0_nega,10.107317406081133
1_0_posi,4_2_posi,10.229819976928814
1_0_posi,1_1_posi,10.012910142768048
1_0_posi,4_2_nega,12.107243062205445
1_0_posi,1_1_nega,11.151395134018282
1_0_posi,7_7_nega,11.315597665348871
1_0_posi,2_1_posi,13.50663695135076
1_0_posi,2_2_posi,13.438399495723818
1_0_posi,3_6_posi,12.560372822579472
1_0_posi,2_1_nega,12.802503914264745
1_0_posi,3_2_posi,11.59577856322884
1_0_posi,3_2_nega,13.930738035158889
1_0_posi,3_1_nega,13.503656239933264
1_0_posi,2_2_nega,14.32866200243525
1_0_posi,3_1_posi,16.33423599920625
5_2_nega,7_6_posi,10.995227962445014
5_2_nega,3_0_posi,12.56374906816411
5_2_nega,3_3_posi,12.487077278598726
5_2_nega,4_1_posi,11.86974320451331
5_2_nega,2_0_nega,11.931428470308296
5_2_nega,0_7_nega,10.648763907671558
5_2_nega,4_2_posi,12.1688470053669
5_2_nega,1_1_posi,11.088561248314292
5_2_nega,6_2_nega,11.1357610064232
5_2_nega,4_1_nega,11.390131924012342
5_2_nega,7_6_nega,11.27562241123966
5_2_nega,4_2_nega,10.784992289211864
5_2_nega,1_1_nega,12.321442453368398
5_2_nega,2_1_posi,13.998611669373254
5_2_nega,3_7_posi,12.727624387204521
5_2_nega,2_2_posi,15.332182811788503
5_2_nega,3_6_posi,10.773323983352
5_2_nega,2_1_nega,14.098001639557394
5_2_nega,3_2_posi,15.152245326996118
5_2_nega,3_2_nega,12.705309779550888
5_2_nega,3_1_nega,13.858383171640856
5_2_nega,2_2_nega,15.527479807912622
5_2_nega,3_1_posi,15.563737625561451
5_0_nega,7_6_posi,10.574645901558348
5_0_nega,2_0_posi,11.0231623131589
5_0_nega,3_0_nega,10.697260575577879
5_0_nega,4_1_posi,10.369637456285735
5_0_nega,3_3_nega,11.061044571417336
5_0_nega,2_0_nega,13.469713796862488
5_0_nega,4_2_posi,10.845370250400197
5_0_nega,4_0_nega,11.082942305424865
5_0_nega,4_1_nega,10.532986119713666
5_0_nega,4_2_nega,10.961844153889587
5_0_nega,1_1_nega,13.241057425785531
5_0_nega,2_1_posi,14.530294001152988
5_0_nega,2_2_posi,14.996813344033114
5_0_nega,3_6_posi,10.552584119754783
5_0_nega,2_1_nega,13.634609902991125
5_0_nega,3_2_posi,13.953102934344841
5_0_nega,3_2_nega,13.512436529716087
5_0_nega,3_1_nega,13.726389280237488
5_0_nega,2_2_nega,14.03632683150294
5_0_nega,3_1_posi,16.987978920624084
6_2_posi,7_6_posi,10.22064903134287
6_2_posi,2_0_posi,10.951726289409606
6_2_posi,3_3_posi,11.050560107736857
6_2_posi,4_1_posi,12.87731138093077
6_2_posi,2_0_nega,10.276107946903231
6_2_posi,4_2_posi,11.238310356871711
6_2_posi,4_1_nega,10.92344557171254
6_2_posi,4_2_nega,11.058591372406404
6_2_posi,1_1_nega,10.644108003174379
6_2_posi,7_7_nega,10.77235905735713
6_2_posi,2_1_posi,17.057904811190443
6_2_posi,3_7_posi,10.878119565442143
6_2_posi,2_2_posi,16.26190859781586
6_2_posi,3_6_posi,10.681806782525134
6_2_posi,2_1_nega,11.708806320143763
6_2_posi,3_2_posi,14.860375132987564
6_2_posi,3_2_nega,11.957225798267705
6_2_posi,3_1_nega,12.28842772633315
6_2_posi,2_2_nega,13.521607821645976
6_2_posi,3_1_posi,15.628080062831462
0_0_nega,4_0_posi,10.876119117968198
0_0_nega,3_4_nega,11.64346450157847
0_0_nega,0_1_nega,11.527612840798326
0_0_nega,7_5_nega,10.204591119836925
0_0_nega,7_4_nega,11.954063494740609
0_0_nega,2_0_posi,13.140436831138144
0_0_nega,4_3_nega,10.941597060955289
0_0_nega,3_0_posi,14.696931184209735
0_0_nega,3_3_posi,11.441257968764681
0_0_nega,3_0_nega,11.45773142564759
0_0_nega,4_1_posi,12.907345799099852
0_0_nega,3_3_nega,12.846108477320932
0_0_nega,2_0_nega,12.220586492922791
0_0_nega,4_2_posi,13.817682523846864
0_0_nega,1_1_posi,11.036655212916779
0_0_nega,7_7_posi,10.876623697857365
0_0_nega,4_0_nega,10.920501231478063
0_0_nega,4_1_nega,14.241376921030815
0_0_nega,7_6_nega,11.122366003109612
0_0_nega,4_2_nega,12.61956400802758
0_0_nega,1_1_nega,16.297497704827546
0_0_nega,7_7_nega,11.017455575717834
0_0_nega,2_1_posi,15.85073097793742
0_0_nega,3_7_posi,11.755262639417198
0_0_nega,2_2_posi,17.67337777807777
0_0_nega,3_6_posi,10.080418029126298
0_0_nega,2_1_nega,13.661897043239765
0_0_nega,3_2_posi,16.230090754772558
0_0_nega,3_2_nega,15.476196662462574
0_0_nega,3_1_nega,15.689066952600252
0_0_nega,2_2_nega,15.485819902145217
0_0_nega,3_1_posi,20.334949811568325
1_2_posi,3_4_nega,11.132064344720268
1_2_posi,7_6_posi,10.29941953428544
1_2_posi,2_0_posi,10.403735165363585
1_2_posi,4_3_nega,12.16474292269112
1_2_posi,3_0_posi,13.84724748301714
1_2_posi,3_3_posi,12.9077628080377
1_2_posi,3_0_nega,11.042857020131022
1_2_posi,4_1_posi,11.775574111612356
1_2_posi,3_3_nega,11.201832359998608
1_2_posi,2_0_nega,11.69465379140103
1_2_posi,4_2_posi,11.244275504934299
1_2_posi,1_1_posi,13.581711984595328
1_2_posi,4_0_nega,10.982928978005425
1_2_posi,4_1_nega,11.886455418977086
1_2_posi,7_6_nega,12.111465330985215
1_2_posi,4_2_nega,12.086355991993388
1_2_posi,1_1_nega,14.278322557795239
1_2_posi,7_7_nega,12.67181000506244
1_2_posi,2_1_posi,16.02501964835244
1_2_posi,3_7_posi,10.370458518663341
1_2_posi,2_2_posi,17.918701938271823
1_2_posi,3_6_posi,12.00597679619575
1_2_posi,2_1_nega,13.028040295530458
1_2_posi,3_2_posi,15.867815257119387
1_2_posi,3_2_nega,14.163668339367087
1_2_posi,3_1_nega,14.576278258996613
1_2_posi,2_2_nega,15.267488443054084
1_2_posi,3_1_posi,18.2094767377081
0_7_posi,2_0_posi,11.009689844500826
0_7_posi,3_0_posi,12.587279404943622
0_7_posi,3_3_posi,11.869801135050363
0_7_posi,4_1_posi,12.574283781011395
0_7_posi,3_3_nega,10.98692780496768
0_7_posi,2_0_nega,10.504902538827599
0_7_posi,0_7_nega,12.789637549004263
0_7_posi,4_2_posi,12.968260808035637
0_7_posi,1_1_posi,10.383267301137304
0_7_posi,7_7_posi,11.14823199991035
0_7_posi,6_2_nega,11.63495104380937
0_7_posi,4_0_nega,10.759795567393358
0_7_posi,4_1_nega,11.673144614752557
0_7_posi,7_6_nega,10.346189905315411
0_7_posi,4_2_nega,12.001273337722525
0_7_posi,1_1_nega,11.806478071099336
0_7_posi,7_7_nega,10.930952132770908
0_7_posi,2_1_posi,15.771728305126636
0_7_posi,3_7_posi,12.474031731193513
0_7_posi,2_2_posi,14.973695564589768
0_7_posi,3_6_posi,10.549224974908341
0_7_posi,2_1_nega,14.837993871614467
0_7_posi,3_2_posi,20.486853364295097
0_7_posi,3_2_nega,15.373512201771291
0_7_posi,3_1_nega,13.46805548306885
0_7_posi,2_2_nega,15.097421663859624
0_7_posi,3_1_posi,16.98632863092781
6_1_nega,7_6_posi,10.59736580222895
6_1_nega,4_3_nega,10.226616548544456
6_1_nega,3_0_posi,12.336386288397799
6_1_nega,3_3_posi,12.593819611798391
6_1_nega,4_1_posi,11.721205932229326
6_1_nega,4_2_posi,11.60586911136635
6_1_nega,1_1_posi,13.550173964142315
6_1_nega,7_7_posi,10.558374924323912
6_1_nega,4_0_nega,13.656179126927626
6_1_nega,4_1_nega,13.033657711359144
6_1_nega,7_6_nega,11.251002075028651
6_1_nega,4_2_nega,14.718208539776704
6_1_nega,1_1_nega,13.628362350985979
6_1_nega,7_7_nega,10.685647205700128
6_1_nega,2_1_posi,17.167515510759152
6_1_nega,2_2_posi,14.249475797822823
6_1_nega,3_6_posi,12.999835350916044
6_1_nega,2_1_nega,16.278832903282453
6_1_nega,3_2_posi,13.87317519391065
6_1_nega,3_2_nega,14.082640454800245
6_1_nega,3_1_nega,15.733251487374714
6_1_nega,2_2_nega,23.754810520798614
6_1_nega,3_1_posi,17.83786762597925
2_3_nega,2_0_posi,10.3330554979599
2_3_nega,3_0_posi,10.408616417615443
2_3_nega,3_3_nega,11.98189080494388
2_3_nega,4_2_posi,11.479736761224212
2_3_nega,1_1_posi,11.61302295541054
2_3_nega,7_7_posi,10.400077647100396
2_3_nega,4_0_nega,10.121883471797155
2_3_nega,7_6_nega,11.501406176600973
2_3_nega,4_2_nega,12.294415833149968
2_3_nega,1_1_nega,12.34790629848809
2_3_nega,7_7_nega,10.682509030786559
2_3_nega,2_1_posi,15.021587802000738
2_3_nega,2_2_posi,14.275300470860401
2_3_nega,3_6_posi,10.574569344820965
2_3_nega,2_1_nega,13.169804528260649
2_3_nega,3_2_posi,14.061461586926416
2_3_nega,3_2_nega,15.70980217143048
2_3_nega,3_1_nega,16.33104822638098
2_3_nega,2_2_nega,14.520986381541576
2_3_nega,3_1_posi,16.332331968242332
4_3_posi,4_0_posi,10.063149274689607
4_3_posi,1_2_nega,10.923258085927158
4_3_posi,7_6_posi,12.846302262021522
4_3_posi,7_4_nega,11.606746828212682
4_3_posi,2_0_posi,13.664828789393685
4_3_posi,4_3_nega,10.23015390786015
4_3_posi,3_0_posi,13.8041661896298
4_3_posi,3_3_posi,14.804799257582602
4_3_posi,3_0_nega,13.830088272875484
4_3_posi,4_1_posi,14.520727331979993
4_3_posi,3_3_nega,12.12057116080365
4_3_posi,2_0_nega,11.395585877419492
4_3_posi,0_7_nega,10.132370736369637
4_3_posi,4_2_posi,13.717645496568771
4_3_posi,1_1_posi,12.21763351664771
4_3_posi,7_7_posi,12.719596997552683
4_3_posi,6_2_nega,13.580906412484495
4_3_posi,4_0_nega,12.534808777375993
4_3_posi,4_1_nega,15.314188312709021
4_3_posi,7_6_nega,12.534429937639416
4_3_posi,4_2_nega,14.014638782332074
4_3_posi,1_1_nega,13.279232318585736
4_3_posi,7_7_nega,10.803609226881488
4_3_posi,2_1_posi,19.15817678861676
4_3_posi,3_7_posi,11.24761009253074
4_3_posi,2_2_posi,18.00536412367458
4_3_posi,3_6_posi,12.393290578347973
4_3_posi,2_1_nega,15.9976724649615
4_3_posi,3_2_posi,17.943214309358364
4_3_posi,3_2_nega,18.05474469607352
4_3_posi,3_1_nega,18.754687365629692
4_3_posi,2_2_nega,16.83702114941974
4_3_posi,3_1_posi,19.158371911987057
0_4_nega,3_4_nega,12.088459875882922
0_4_nega,1_2_nega,10.11363875796128
0_4_nega,0_1_nega,11.230691449598165
0_4_nega,7_6_posi,13.51431216832431
0_4_nega,7_4_nega,10.587697406365862
0_4_nega,2_0_posi,11.244566802782836
0_4_nega,4_3_nega,10.90605684661644
0_4_nega,3_0_posi,12.288995566641743
0_4_nega,3_3_posi,15.91772580356654
0_4_nega,3_0_nega,12.28724563787306
0_4_nega,4_1_posi,13.80539209577301
0_4_nega,3_3_nega,10.64777503540096
0_4_nega,2_0_nega,14.171163356211947
0_4_nega,4_2_posi,13.922576734562597
0_4_nega,1_1_posi,10.24137160227799
0_4_nega,7_7_posi,14.431978748609922
0_4_nega,6_2_nega,10.665257475907445
0_4_nega,4_0_nega,13.346390744279839
0_4_nega,4_1_nega,14.123336108377508
0_4_nega,7_6_nega,11.267645973635542
0_4_nega,4_2_nega,11.90128711501112
0_4_nega,1_1_nega,14.899510957407742
0_4_nega,7_7_nega,15.632275396330005
0_4_nega,2_1_posi,16.6141628734554
0_4_nega,3_7_posi,10.79096744537222
0_4_nega,2_2_posi,15.015527932034471
0_4_nega,3_6_posi,11.45586648757851
0_4_nega,2_1_nega,16.296586105948112
0_4_nega,3_2_posi,20.894847461636193
0_4_nega,3_2_nega,15.045718381475925
0_4_nega,3_1_nega,14.729085577041301
0_4_nega,2_2_nega,16.894337736978034
0_4_nega,3_1_posi,18.893629285255418
7_5_posi,1_0_nega,10.804395558544464
7_5_posi,4_0_posi,10.667874237326487
7_5_posi,3_4_nega,11.738013911504456
7_5_posi,1_2_nega,11.336506508344094
7_5_posi,0_1_nega,10.623478527441073
7_5_posi,7_6_posi,14.110409869633305
7_5_posi,7_5_nega,10.117551388734064
7_5_posi,7_4_nega,10.23836503320637
7_5_posi,2_0_posi,13.967808799226844
7_5_posi,4_3_nega,11.711533620485616
7_5_posi,3_0_posi,13.472120779385731
7_5_posi,3_3_posi,17.37510395826623
7_5_posi,3_0_nega,13.137461655013125
7_5_posi,4_1_posi,13.522914765128057
7_5_posi,3_3_nega,12.34526190130483
7_5_posi,2_0_nega,13.46149312155773
7_5_posi,0_7_nega,10.455002595755364
7_5_posi,4_2_posi,15.172771198093763
7_5_posi,1_1_posi,13.316152526222039
7_5_posi,7_7_posi,12.446143883141762
7_5_posi,6_2_nega,10.086799951149791
7_5_posi,4_0_nega,17.09216437081385
7_5_posi,4_1_nega,14.134322255163099
7_5_posi,7_6_nega,13.116726875726329
7_5_posi,4_2_nega,14.262106334807164
7_5_posi,1_1_nega,15.58133419287369
7_5_posi,7_7_nega,14.4398325830193
7_5_posi,2_1_posi,18.82682955636196
7_5_posi,3_7_posi,13.68410567321543
7_5_posi,2_2_posi,18.228058151991615
7_5_posi,3_6_posi,11.820551435732238
7_5_posi,2_1_nega,16.08484863199162
7_5_posi,3_2_posi,18.997996110247854
7_5_posi,3_2_nega,17.853076350070644
7_5_posi,3_1_nega,18.4053276387191
7_5_posi,2_2_nega,21.089910443105172
7_5_posi,3_1_posi,22.061439120260488
0_1_posi,1_2_nega,10.817442180188415
0_1_posi,7_4_nega,10.853031715586846
0_1_posi,2_0_posi,12.955720007806377
0_1_posi,4_3_nega,10.671312550234795
0_1_posi,3_0_posi,12.91711209565515
0_1_posi,3_3_posi,12.484352863385075
0_1_posi,3_0_nega,13.668335338699874
0_1_posi,4_1_posi,14.744515172476461
0_1_posi,3_3_nega,13.46827892171681
0_1_posi,2_0_nega,12.52833056650555
0_1_posi,4_2_posi,13.25810636818582
0_1_posi,1_1_posi,14.217062751048665
0_1_posi,7_7_posi,12.815664259818144
0_1_posi,6_2_nega,10.389095920450602
0_1_posi,4_0_nega,11.44906964486033
0_1_posi,4_1_nega,11.124676105684097
0_1_posi,7_6_nega,14.352189763541237
0_1_posi,4_2_nega,12.914143066708073
0_1_posi,1_1_nega,16.884880174205183
0_1_posi,7_7_nega,15.187013625553915
0_1_posi,2_1_posi,19.075496738087388
0_1_posi,3_7_posi,11.613161405218873
0_1_posi,2_2_posi,19.821633206350445
0_1_posi,3_6_posi,12.245252507286404
0_1_posi,2_1_nega,17.307042256120297
0_1_posi,3_2_posi,16.95385559075633
0_1_posi,3_2_nega,20.51096000927851
0_1_posi,3_1_nega,15.807712329822142
0_1_posi,2_2_nega,21.974558354020797
0_1_posi,3_1_posi,20.174963568498562
5_1_nega,0_0_nega,10.127002508230536
5_1_nega,4_0_posi,10.74601534498084
5_1_nega,7_6_posi,10.884906640735768
5_1_nega,7_5_nega,10.343181278138163
5_1_nega,7_4_nega,11.853734321407437
5_1_nega,2_0_posi,11.918766945723133
5_1_nega,4_3_nega,10.198934733075301
5_1_nega,3_0_posi,14.674021800211035
5_1_nega,3_3_posi,10.930114071658554
5_1_nega,3_0_nega,11.743503196678565
5_1_nega,4_1_posi,12.563673586970808
5_1_nega,3_3_nega,13.078723494471996
5_1_nega,2_0_nega,11.52346213959836
5_1_nega,0_7_nega,11.416538424916025
5_1_nega,4_2_posi,14.846345690783236
5_1_nega,1_1_posi,12.56132907856701
5_1_nega,7_7_posi,10.361371422261717
5_1_nega,6_2_nega,13.674590514462492
5_1_nega,4_0_nega,12.318391092955535
5_1_nega,4_1_nega,12.41854942784602
5_1_nega,7_6_nega,13.201527131628872
5_1_nega,4_2_nega,14.144803449348709
5_1_nega,1_1_nega,16.73143744742269
5_1_nega,7_7_nega,12.408879677615253
5_1_nega,2_1_posi,20.509184157658495
5_1_nega,3_7_posi,11.374625106656795
5_1_nega,2_2_posi,16.85628122886866
5_1_nega,3_6_posi,11.006306614229786
5_1_nega,2_1_nega,15.75703411600097
5_1_nega,3_2_posi,20.822833228105495
5_1_nega,3_2_nega,20.681181659769937
5_1_nega,3_1_nega,19.03562159027329
5_1_nega,2_2_nega,17.437967096476168
5_1_nega,3_1_posi,20.07028318377338
1_0_nega,4_3_posi,10.802435500441769
1_0_nega,3_4_nega,15.210366948328847
1_0_nega,1_2_nega,12.247888436199858
1_0_nega,0_1_nega,11.68791726160945
1_0_nega,7_6_posi,14.694034915013697
1_0_nega,7_5_nega,11.880005294752145
1_0_nega,7_4_nega,13.57716192172471
1_0_nega,2_0_posi,15.57052895236914
1_0_nega,4_3_nega,15.08848883681551
1_0_nega,3_0_posi,18.305500968776382
1_0_nega,3_3_posi,16.57483043045152
1_0_nega,3_0_nega,18.332100901600633
1_0_nega,4_1_posi,14.940940696582501
1_0_nega,3_3_nega,16.14823717124509
1_0_nega,2_0_nega,14.347291236394307
1_0_nega,0_7_nega,14.96861730441076
1_0_nega,4_2_posi,18.326257398749526
1_0_nega,1_1_posi,15.877437755154553
1_0_nega,7_7_posi,16.903270594766024
1_0_nega,6_2_nega,14.711906779504941
1_0_nega,4_0_nega,14.38643524177966
1_0_nega,4_1_nega,18.14670779724265
1_0_nega,7_6_nega,14.592420690133421
1_0_nega,4_2_nega,15.103925493762553
1_0_nega,1_1_nega,21.710909056511376
1_0_nega,7_7_nega,16.30169303517444
1_0_nega,2_1_posi,21.004336103659384
1_0_nega,3_7_posi,13.113732341786136
1_0_nega,2_2_posi,21.54786579793812
1_0_nega,3_6_posi,14.64796533221765
1_0_nega,2_1_nega,18.18252586509236
1_0_nega,3_2_posi,21.442902354727593
1_0_nega,3_2_nega,21.947443550636834
1_0_nega,3_1_nega,20.42382083245711
1_0_nega,2_2_nega,20.258317616290498
1_0_nega,3_1_posi,24.575825813461638
4_0_posi,0_0_nega,10.043194465455429
4_0_posi,0_1_posi,10.07432227855719
4_0_posi,1_0_nega,11.169157623813385
4_0_posi,3_6_nega,10.028470437673498
4_0_posi,3_4_nega,12.734126263624384
4_0_posi,1_2_nega,11.193061299499682
4_0_posi,0_1_nega,12.5713846271166
4_0_posi,7_6_posi,13.278455319141708
4_0_posi,7_5_nega,12.66405070021644
4_0_posi,7_4_nega,12.64742361087997
4_0_posi,2_0_posi,16.941248051515657
4_0_posi,4_3_nega,15.358808500736627
4_0_posi,3_0_posi,16.832050826332175
4_0_posi,3_3_posi,17.23996916982679
4_0_posi,3_0_nega,19.840635487765976
4_0_posi,4_1_posi,17.60152073818841
4_0_posi,3_3_nega,19.568667544702535
4_0_posi,2_0_nega,17.66146122012616
4_0_posi,0_7_nega,13.452671891882582
4_0_posi,4_2_posi,18.559382858726416
4_0_posi,1_1_posi,18.068591550587616
4_0_posi,7_7_posi,16.31957343075592
4_0_posi,6_2_nega,13.001961752831171
4_0_posi,4_0_nega,17.39759741144198
4_0_posi,4_1_nega,17.602541452766765
4_0_posi,7_6_nega,15.375528822620234
4_0_posi,4_2_nega,19.897889704770243
4_0_posi,1_1_nega,18.822773998132977
4_0_posi,7_7_nega,15.672892634697732
4_0_posi,2_1_posi,24.239554258942185
4_0_posi,3_7_posi,18.581970408094858
4_0_posi,2_2_posi,22.374845097337253
4_0_posi,3_6_posi,15.326126711039416
4_0_posi,2_1_nega,21.312678404677172
4_0_posi,3_2_posi,22.70902143022322
4_0_posi,3_2_nega,28.38673333122587
4_0_posi,3_1_nega,21.911122235777142
4_0_posi,2_2_nega,27.163891328129473
4_0_posi,3_1_posi,29.385804694540298
3_6_nega,4_0_posi,10.15255824546081
3_6_nega,1_2_nega,10.27199442469989
3_6_nega,0_1_nega,10.472554954053562
3_6_nega,7_6_posi,10.332861547799256
3_6_nega,7_4_nega,10.698552929001746
3_6_nega,2_0_posi,11.84123721832893
3_6_nega,4_3_nega,10.283619691136508
3_6_nega,3_0_posi,13.295018237456908
3_6_nega,3_3_posi,12.678331117572194
3_6_nega,3_0_nega,12.828168932253124
3_6_nega,4_1_posi,11.869730558928515
3_6_nega,3_3_nega,13.099631147579354
3_6_nega,2_0_nega,15.254956017045444
3_6_nega,0_7_nega,12.216811980054127
3_6_nega,4_2_posi,14.1746646245347
3_6_nega,1_1_posi,13.729477535670789
3_6_nega,7_7_posi,13.507325717345815
3_6_nega,6_2_nega,10.01160104461179
3_6_nega,4_0_nega,13.429430420543085
3_6_nega,4_1_nega,14.26959624917354
3_6_nega,7_6_nega,11.787363940790334
3_6_nega,4_2_nega,16.173444184943328
3_6_nega,1_1_nega,17.059279616499662
3_6_nega,7_7_nega,16.11459748232617
3_6_nega,2_1_posi,19.179884335477265
3_6_nega,3_7_posi,14.527557538184125
3_6_nega,2_2_posi,18.621062631307975
3_6_nega,3_6_posi,13.294895493393884
3_6_nega,2_1_nega,17.508812776008842
3_6_nega,3_2_posi,17.456671588830574
3_6_nega,3_2_nega,20.895125168072365
3_6_nega,3_1_nega,20.233134408649995
3_6_nega,2_2_nega,17.88525927647419
3_6_nega,3_1_posi,21.616526335807137
3_4_nega,1_0_nega,10.857078666204892
3_4_nega,4_0_posi,10.74847746221714
3_4_nega,1_2_nega,11.8289505249301
3_4_nega,0_1_nega,11.483693901546292
3_4_nega,7_6_posi,14.874863024359616
3_4_nega,7_5_nega,13.06646981413174
3_4_nega,7_4_nega,13.716012715976348
3_4_nega,2_0_posi,20.087087279872605
3_4_nega,4_3_nega,12.851371077613463
3_4_nega,3_0_posi,16.859959881256863
3_4_nega,3_3_posi,17.133753706264457
3_4_nega,3_0_nega,15.6287144859821
3_4_nega,4_1_posi,14.917516694353594
3_4_nega,3_3_nega,18.408373636645088
3_4_nega,2_0_nega,16.162237581176086
3_4_nega,0_7_nega,13.522583136372635
3_4_nega,4_2_posi,16.225557019178733
3_4_nega,1_1_posi,17.21034080960183
3_4_nega,7_7_posi,15.761251650660055
3_4_nega,6_2_nega,13.261128201000142
3_4_nega,4_0_nega,18.01517334996931
3_4_nega,4_1_nega,21.920397429932848
3_4_nega,7_6_nega,21.79826124681209
3_4_nega,4_2_nega,16.5369157843242
3_4_nega,1_1_nega,20.069625771698167
3_4_nega,7_7_nega,15.826487744667748
3_4_nega,2_1_posi,22.797371746556603
3_4_nega,3_7_posi,14.880475164858149
3_4_nega,2_2_posi,24.412790863071066
3_4_nega,3_6_posi,15.337627517176259
3_4_nega,2_1_nega,21.50089395153718
3_4_nega,3_2_posi,23.627120878821852
3_4_nega,3_2_nega,23.409532348691236
3_4_nega,3_1_nega,24.722859719173506
3_4_nega,2_2_nega,23.886509710199547
3_4_nega,3_1_posi,28.14176124923969
1_2_nega,6_1_nega,10.089343310694783
1_2_nega,4_3_posi,11.1537556909412
1_2_nega,7_5_posi,11.988865195601335
1_2_nega,1_0_nega,14.140460868743368
1_2_nega,4_0_posi,13.915944912144765
1_2_nega,3_4_nega,13.403709020288597
1_2_nega,0_1_nega,13.915606932236763
1_2_nega,7_6_posi,16.414363887320267
1_2_nega,7_5_nega,13.306661126703123
1_2_nega,7_4_nega,17.309305239121638
1_2_nega,2_0_posi,15.674514491618346
1_2_nega,4_3_nega,14.178443338884524
1_2_nega,3_0_posi,16.75935323294349
1_2_nega,3_3_posi,21.79782768109689
1_2_nega,3_0_nega,17.023721428072083
1_2_nega,4_1_posi,16.66543849872539
1_2_nega,3_3_nega,18.684785101889148
1_2_nega,2_0_nega,20.683303743185117
1_2_nega,0_7_nega,16.682647993839364
1_2_nega,4_2_posi,19.278534933591686
1_2_nega,1_1_posi,15.435332191804527
1_2_nega,7_7_posi,19.083651770868094
1_2_nega,6_2_nega,14.29096509543546
1_2_nega,4_0_nega,16.78109873667398
1_2_nega,4_1_nega,18.68723380700909
1_2_nega,7_6_nega,15.721421593840573
1_2_nega,4_2_nega,18.010854384784402
1_2_nega,1_1_nega,24.685534156992556
1_2_nega,7_7_nega,17.707307909571174
1_2_nega,2_1_posi,30.663324840649114
1_2_nega,3_7_posi,17.24447736592487
1_2_nega,2_2_posi,26.08297618715242
1_2_nega,3_6_posi,19.335532980219128
1_2_nega,2_1_nega,22.953023278001425
1_2_nega,3_2_posi,25.375153251831346
1_2_nega,3_2_nega,25.507788463333075
1_2_nega,3_1_nega,25.333176208146487
1_2_nega,2_2_nega,26.841161506359295
1_2_nega,3_1_posi,28.01187183183691
0_1_nega,1_2_posi,10.897157670201587
0_1_nega,0_7_posi,10.580498553253278
0_1_nega,6_1_nega,10.132000722901854
0_1_nega,0_4_nega,10.46618422911501
0_1_nega,7_5_posi,11.254111667777083
0_1_nega,1_0_nega,10.913677240618101
0_1_nega,4_0_posi,12.322295893895898
0_1_nega,3_6_nega,12.738521469980522
0_1_nega,3_4_nega,13.108620732121347
0_1_nega,1_2_nega,15.06926534178677
0_1_nega,7_6_posi,16.821701429950515
0_1_nega,7_5_nega,15.697207420600376
0_1_nega,7_4_nega,16.172253168440406
0_1_nega,2_0_posi,17.778635401418683
0_1_nega,4_3_nega,13.885515949301743
0_1_nega,3_0_posi,19.12489017281354
0_1_nega,3_3_posi,17.145746744463473
0_1_nega,3_0_nega,21.294804563012903
0_1_nega,4_1_posi,16.66016633293977
0_1_nega,3_3_nega,16.841788438941332
0_1_nega,2_0_nega,19.284212726806906
0_1_nega,0_7_nega,12.725830251009008
0_1_nega,4_2_posi,19.32452909986735
0_1_nega,1_1_posi,16.842834306631328
0_1_nega,7_7_posi,18.528879149984462
0_1_nega,6_2_nega,13.8795726321291
0_1_nega,4_0_nega,15.736882428806968
0_1_nega,4_1_nega,22.984963674827615
0_1_nega,7_6_nega,15.802492439614305
0_1_nega,4_2_nega,18.85297596549857
0_1_nega,1_1_nega,21.713105209750353
0_1_nega,7_7_nega,21.102087355991177
0_1_nega,2_1_posi,29.027048090516132
0_1_nega,3_7_posi,18.597863487879458
0_1_nega,2_2_posi,24.836852822606687
0_1_nega,3_6_posi,18.60677629437188
0_1_nega,2_1_nega,22.68523262556686
0_1_nega,3_2_posi,24.690226295002166
0_1_nega,3_2_nega,25.049171685964257
0_1_nega,3_1_nega,24.072104744782614
0_1_nega,2_2_nega,25.43693639782121
0_1_nega,3_1_posi,28.172820508697175
7_6_posi,0_3_nega,10.031893888372188
7_6_posi,0_0_nega,11.488257017627861
7_6_posi,0_7_posi,12.591675820876352
7_6_posi,6_1_nega,10.356907892481109
7_6_posi,4_3_posi,13.166316420218747
7_6_posi,0_4_nega,11.313865730071152
7_6_posi,7_5_posi,13.333692236977138
7_6_posi,0_1_posi,11.861317712476584
7_6_posi,1_0_nega,13.739756384137184
7_6_posi,4_0_posi,14.590423761765445
7_6_posi,3_6_nega,12.756434601810838
7_6_posi,3_4_nega,13.42300506256533
7_6_posi,1_2_nega,17.395261676567866
7_6_posi,0_1_nega,17.175452229622717
7_6_posi,7_5_nega,14.548966096153453
7_6_posi,7_4_nega,16.679504965228006
7_6_posi,2_0_posi,28.153444699786025
7_6_posi,4_3_nega,15.237534781383932
7_6_posi,3_0_posi,19.551573594547897
7_6_posi,3_3_posi,21.248831712562122
7_6_posi,3_0_nega,18.985877381189265
7_6_posi,4_1_posi,21.735064928929646
7_6_posi,3_3_nega,19.65737774463189
7_6_posi,2_0_nega,19.57033821255159
7_6_posi,0_7_nega,17.07566434603305
7_6_posi,4_2_posi,25.72977816487798
7_6_posi,1_1_posi,20.285361214043338
7_6_posi,7_7_posi,27.298658458507596
7_6_posi,6_2_nega,18.057322722453318
7_6_posi,4_0_nega,24.302343908508107
7_6_posi,4_1_nega,20.43855562946011
7_6_posi,7_6_nega,18.478515150937564
7_6_posi,4_2_nega,22.703897341239227
7_6_posi,1_1_nega,24.17289989785928
7_6_posi,7_7_nega,21.515393711599728
7_6_posi,2_1_posi,28.219303969721626
7_6_posi,3_7_posi,19.31869677827386
7_6_posi,2_2_posi,31.09938950592121
7_6_posi,3_6_posi,19.088852114859417
7_6_posi,2_1_nega,25.46515904234416
7_6_posi,3_2_posi,27.394810787426906
7_6_posi,3_2_nega,29.78269530206676
7_6_posi,3_1_nega,25.783734715688635
7_6_posi,2_2_nega,31.19709474019301
7_6_posi,3_1_posi,32.25133532132747
7_5_nega,7_5_posi,12.057552880660541
7_5_nega,0_1_posi,10.370813414224498
7_5_nega,1_0_nega,10.74525788366509
7_5_nega,4_0_posi,12.280099478886878
7_5_nega,3_6_nega,12.096630730631277
7_5_nega,3_4_nega,12.280614871935876
7_5_nega,1_2_nega,12.843892389937867
7_5_nega,0_1_nega,12.72332625922952
7_5_nega,7_6_posi,16.881690628225353
7_5_nega,7_4_nega,14.923755342034656
7_5_nega,2_0_posi,19.190835246157683
7_5_nega,4_3_nega,15.438992964526243
7_5_nega,3_0_posi,16.986326796337906
7_5_nega,3_3_posi,17.972343968204456
7_5_nega,3_0_nega,16.66252307622896
7_5_nega,4_1_posi,15.621614600975812
7_5_nega,3_3_nega,16.284139863225803
7_5_nega,2_0_nega,17.308976345704714
7_5_nega,0_7_nega,12.995277742424642
7_5_nega,4_2_posi,18.106938619611054
7_5_nega,1_1_posi,18.809066647953525
7_5_nega,7_7_posi,18.978871200416172
7_5_nega,6_2_nega,13.903924914120504
7_5_nega,4_0_nega,20.530844410686296
7_5_nega,4_1_nega,20.012712406841885
7_5_nega,7_6_nega,17.362771781107195
7_5_nega,4_2_nega,19.0733921871664
7_5_nega,1_1_nega,20.832193752871603
7_5_nega,7_7_nega,17.113237389131474
7_5_nega,2_1_posi,24.04110709945586
7_5_nega,3_7_posi,17.151260979922377
7_5_nega,2_2_posi,25.764899955955435
7_5_nega,3_6_posi,17.722115585278825
7_5_nega,2_1_nega,27.199429171882386
7_5_nega,3_2_posi,27.103970362280524
7_5_nega,3_2_nega,22.00344566678978
7_5_nega,3_1_nega,27.26955170159863
7_5_nega,2_2_nega,28.832823544766455
7_5_nega,3_1_posi,26.729845932376488
7_4_nega,7_4_posi,11.400021853790713
7_4_nega,0_2_nega,11.354937396631627
7_4_nega,1_0_posi,10.617863150541439
7_4_nega,0_0_nega,12.402216317969193
7_4_nega,6_1_nega,11.719187833216216
7_4_nega,4_3_posi,11.400962942458138
7_4_nega,0_4_nega,11.053552068223016
7_4_nega,7_5_posi,12.294266856245596
7_4_nega,0_1_posi,11.461517431912304
7_4_nega,5_1_nega,10.064479458299758
7_4_nega,1_0_nega,12.23412075836572
7_4_nega,4_0_posi,14.381893667301654
7_4_nega,3_6_nega,12.612239337957414
7_4_nega,3_4_nega,13.267245765280965
7_4_nega,1_2_nega,14.44254190129745
7_4_nega,0_1_nega,14.41241520443089
7_4_nega,7_6_posi,15.33668084453172
7_4_nega,7_5_nega,19.166322048008734
7_4_nega,2_0_posi,19.78091892551758
7_4_nega,4_3_nega,15.974796100314222
7_4_nega,3_0_posi,20.332337440154745
7_4_nega,3_3_posi,19.48080200178384
7_4_nega,3_0_nega,17.959963972314167
7_4_nega,4_1_posi,18.526710176816497
7_4_nega,3_3_nega,18.275516727422474
7_4_nega,2_0_nega,18.223401897342736
7_4_nega,0_7_nega,19.652436129560403
7_4_nega,4_2_posi,22.68363120127549
7_4_nega,1_1_posi,20.92172270931721
7_4_nega,7_7_posi,18.928232502017007
7_4_nega,6_2_nega,20.733769925850293
7_4_nega,4_0_nega,16.83159148658536
7_4_nega,4_1_nega,18.722084154368993
7_4_nega,7_6_nega,18.39679079181643
7_4_nega,4_2_nega,20.546866467465097
7_4_nega,1_1_nega,24.920565150050066
7_4_nega,7_7_nega,17.87318723140734
7_4_nega,2_1_posi,28.020016938636786
7_4_nega,3_7_posi,17.88228911813626
7_4_nega,2_2_posi,27.09687577177681
7_4_nega,3_6_posi,19.703556749432444
7_4_nega,2_1_nega,27.2392071575359
7_4_nega,3_2_posi,26.96670706995645
7_4_nega,3_2_nega,26.755219619196755
7_4_nega,3_1_nega,25.15528107322672
7_4_nega,2_2_nega,35.51627647574367
7_4_nega,3_1_posi,33.19344763767477
2_0_posi,0_2_nega,10.390603863595283
2_0_posi,0_3_nega,10.067578938418484
2_0_posi,5_2_nega,11.924338626095139
2_0_posi,6_2_posi,10.762527741981522
2_0_posi,0_0_nega,11.22622219735331
2_0_posi,1_2_posi,10.671475753461841
2_0_posi,0_7_posi,12.212547185800087
2_0_posi,6_1_nega,12.255981638099136
2_0_posi,4_3_posi,13.772005747584439
2_0_posi,0_4_nega,14.472120992329383
2_0_posi,7_5_posi,13.208538426315208
2_0_posi,0_1_posi,11.681250129648895
2_0_posi,5_1_nega,15.475244240743741
2_0_posi,1_0_nega,15.893997706118117
2_0_posi,4_0_posi,17.25811005326485
2_0_posi,3_6_nega,14.09018067498193
2_0_posi,3_4_nega,15.665101445203542
2_0_posi,1_2_nega,16.114973250502835
2_0_posi,0_1_nega,17.962670559080433
2_0_posi,7_6_posi,22.049398151427813
2_0_posi,7_5_nega,16.40804106283142
2_0_posi,7_4_nega,18.407860615429968
2_0_posi,4_3_nega,18.56021185209219
2_0_posi,3_0_posi,21.94255770967082
2_0_posi,3_3_posi,25.533832114581227
2_0_posi,3_0_nega,24.86230140294581
2_0_posi,4_1_posi,22.6900077044097
2_0_posi,3_3_nega,22.48470331376247
2_0_posi,2_0_nega,24.355457372909953
2_0_posi,0_7_nega,17.843248396461412
2_0_posi,4_2_posi,26.417223015578656
2_0_posi,1_1_posi,20.64047606538425
2_0_posi,7_7_posi,22.588201419090577
2_0_posi,6_2_nega,21.568150652565595
2_0_posi,4_0_nega,22.686316953077117
2_0_posi,4_1_nega,25.23719943856045
2_0_posi,7_6_nega,24.3441948628505
2_0_posi,4_2_nega,25.753012017295408
2_0_posi,1_1_nega,28.488869999728166
2_0_posi,7_7_nega,24.19820347137521
2_0_posi,2_1_posi,35.56704780597271
2_0_posi,3_7_posi,20.776336767823604
2_0_posi,2_2_posi,35.6747250593164
2_0_posi,3_6_posi,22.430955950251953
2_0_posi,2_1_nega,32.56491674020163
2_0_posi,3_2_posi,35.64866753592471
2_0_posi,3_2_nega,32.390065708857286
2_0_posi,3_1_nega,32.499129190182536
2_0_posi,2_2_nega,32.393357969107335
2_0_posi,3_1_posi,38.91140216811885
4_3_nega,0_2_nega,10.332805584582168
4_3_nega,1_2_posi,12.633981588730247
4_3_nega,0_7_posi,10.12387493460303
4_3_nega,6_1_nega,10.157932690104966
4_3_nega,4_3_posi,11.500265006976491
4_3_nega,0_4_nega,10.688654067959483
4_3_nega,7_5_posi,11.239026848160663
4_3_nega,0_1_posi,10.523345143653504
4_3_nega,1_0_nega,13.474789667939252
4_3_nega,4_0_posi,14.441274812684789
4_3_nega,3_6_nega,11.926909188740254
4_3_nega,3_4_nega,13.312683584038552
4_3_nega,1_2_nega,13.938974300034113
4_3_nega,0_1_nega,15.168595035538571
4_3_nega,7_6_posi,16.32960915843547
4_3_nega,7_5_nega,13.43757780805413
4_3_nega,7_4_nega,17.495787183636004
4_3_nega,2_0_posi,18.998673712455616
4_3_nega,3_0_posi,19.489892645193326
4_3_nega,3_3_posi,20.53269698546082
4_3_nega,3_0_nega,19.249519034733485
4_3_nega,4_1_posi,22.0448965531716
4_3_nega,3_3_nega,19.08101655210125
4_3_nega,2_0_nega,20.405511918401743
4_3_nega,0_7_nega,15.079161175912763
4_3_nega,4_2_posi,21.509367331960846
4_3_nega,1_1_posi,17.98857699208011
4_3_nega,7_7_posi,17.64060125167259
4_3_nega,6_2_nega,17.1340169143982
4_3_nega,4_0_nega,19.21149814338017
4_3_nega,4_1_nega,18.7660669379221
4_3_nega,7_6_nega,17.492393730644235
4_3_nega,4_2_nega,19.610835262905365
4_3_nega,1_1_nega,24.3299699854347
4_3_nega,7_7_nega,20.327216284986534
4_3_nega,2_1_posi,30.09341095984666
4_3_nega,3_7_posi,20.82096410232577
4_3_nega,2_2_posi,28.762836357531906
4_3_nega,3_6_posi,21.184303428861398
4_3_nega,2_1_nega,25.77727614245879
4_3_nega,3_2_posi,29.90933022026509
4_3_nega,3_2_nega,27.363968753121846
4_3_nega,3_1_nega,27.585972776795025
4_3_nega,2_2_nega,31.37494882755813
4_3_nega,3_1_posi,32.64717406146103
3_0_posi,0_2_nega,10.087187843577915
3_0_posi,5_2_nega,10.277929049917072
3_0_posi,5_0_nega,10.636944325574529
3_0_posi,6_2_posi,10.404182599803724
3_0_posi,0_0_nega,15.49362846356695
3_0_posi,1_2_posi,10.618625134607322
3_0_posi,0_7_posi,11.685703642205844
3_0_posi,6_1_nega,11.609661573997641
3_0_posi,2_3_nega,11.125055723115006
3_0_posi,4_3_posi,13.311492233844124
3_0_posi,7_5_posi,12.55109862484227
3_0_posi,0_1_posi,14.087692833988411
3_0_posi,5_1_nega,12.43389360736375
3_0_posi,1_0_nega,15.505203611389986
3_0_posi,4_0_posi,17.650289201029146
3_0_posi,3_6_nega,13.224121770259224
3_0_posi,3_4_nega,15.486598993061046
3_0_posi,1_2_nega,18.121478962428895
3_0_posi,0_1_nega,19.627583564583535
3_0_posi,7_6_posi,20.80741991836197
3_0_posi,7_5_nega,19.551406522401408
3_0_posi,7_4_nega,18.53351418641405
3_0_posi,2_0_posi,21.193679573076988
3_0_posi,4_3_nega,18.97901799291439
3_0_posi,3_3_posi,24.15525430308377
3_0_posi,3_0_nega,21.757373746884994
3_0_posi,4_1_posi,26.05787307624471
3_0_posi,3_3_nega,22.32427753058024
3_0_posi,2_0_nega,23.745670776409497
3_0_posi,0_7_nega,17.06001485438003
3_0_posi,4_2_posi,25.81488047123861
3_0_posi,1_1_posi,26.04954348154757
3_0_posi,7_7_posi,20.47431284514588
3_0_posi,6_2_nega,18.155495078423815
3_0_posi,4_0_nega,20.132476496932853
3_0_posi,4_1_nega,23.76409234763652
3_0_posi,7_6_nega,20.655048435852695
3_0_posi,4_2_nega,27.24657299996132
3_0_posi,1_1_nega,31.903010531094004
3_0_posi,7_7_nega,25.718570855933866
3_0_posi,2_1_posi,35.31232986001763
3_0_posi,3_7_posi,21.99357173250999
3_0_posi,2_2_posi,34.47834790245533
3_0_posi,3_6_posi,22.864781708026864
3_0_posi,2_1_nega,38.29385682905009
3_0_posi,3_2_posi,32.59543426865313
3_0_posi,3_2_nega,33.425835168503475
3_0_posi,3_1_nega,33.01094494877657
3_0_posi,2_2_nega,31.918915688216067
3_0_posi,3_1_posi,40.18088398382564
3_3_posi,0_2_nega,11.566404005070385
3_3_posi,1_0_posi,11.004357150981756
3_3_posi,5_2_nega,10.697695904942563
3_3_posi,5_0_nega,12.547069556383
3_3_posi,0_0_nega,14.162862819336377
3_3_posi,1_2_posi,12.070756353865178
3_3_posi,0_7_posi,10.307084992169806
3_3_posi,6_1_nega,11.742629452897908
3_3_posi,2_3_nega,11.755975801325743
3_3_posi,4_3_posi,12.975320347621958
3_3_posi,0_4_nega,11.477753123789803
3_3_posi,7_5_posi,17.030432955213445
3_3_posi,0_1_posi,13.033512266187987
3_3_posi,5_1_nega,12.258612081654958
3_3_posi,1_0_nega,16.166618519397773
3_3_posi,4_0_posi,18.54481206685624
3_3_posi,3_6_nega,13.543424217088138
3_3_posi,3_4_nega,17.912852208513776
3_3_posi,1_2_nega,19.02855854635521
3_3_posi,0_1_nega,21.225340493508117
3_3_posi,7_6_posi,22.01680951210214
3_3_posi,7_5_nega,17.55858110759744
3_3_posi,7_4_nega,19.07676903083794
3_3_posi,2_0_posi,23.841482303708283
3_3_posi,4_3_nega,18.776299179163498
3_3_posi,3_0_posi,23.50410531908175
3_3_posi,3_0_nega,22.035398112508872
3_3_posi,4_1_posi,24.789777299452325
3_3_posi,3_3_nega,25.815544633065958
3_3_posi,2_0_nega,25.404197853453606
3_3_posi,0_7_nega,20.619642665784976
3_3_posi,4_2_posi,29.350627868852982
3_3_posi,1_1_posi,24.229366428698274
3_3_posi,7_7_posi,26.326047307826116
3_3_posi,6_2_nega,20.51641458369987
3_3_posi,4_0_nega,23.8288720525658
3_3_posi,4_1_nega,26.556192753302742
3_3_posi,7_6_nega,21.994903862952285
3_3_posi,4_2_nega,26.983171096421888
3_3_posi,1_1_nega,30.317419536358745
3_3_posi,7_7_nega,26.350341828233777
3_3_posi,2_1_posi,38.555887148380805
3_3_posi,3_7_posi,23.04368850922827
3_3_posi,2_2_posi,33.660633154735095
3_3_posi,3_6_posi,24.58277557839142
3_3_posi,2_1_nega,34.21670796744205
3_3_posi,3_2_posi,38.688571705293015
3_3_posi,3_2_nega,35.63977945809972
3_3_posi,3_1_nega,32.579730977866575
3_3_posi,2_2_nega,32.69252593146311
3_3_posi,3_1_posi,43.42065080232099
3_0_nega,0_0_posi,10.45810006570647
3_0_nega,1_0_posi,10.311667809008076
3_0_nega,5_2_nega,10.449445058671323
3_0_nega,5_0_nega,10.315354759369683
3_0_nega,0_0_nega,10.368579719251166
3_0_nega,0_7_posi,10.806161647278417
3_0_nega,6_1_nega,11.793599989484562
3_0_nega,2_3_nega,11.949738310218475
3_0_nega,4_3_posi,12.286580636858838
3_0_nega,0_4_nega,11.290236486284622
3_0_nega,7_5_posi,13.539833001222867
3_0_nega,0_1_posi,11.347834973821271
3_0_nega,5_1_nega,12.690008674715793
3_0_nega,1_0_nega,13.47868126975345
3_0_nega,4_0_posi,15.837972672077889
3_0_nega,3_6_nega,12.649902662030016
3_0_nega,3_4_nega,16.67856414066899
3_0_nega,1_2_nega,16.634738313073385
3_0_nega,0_1_nega,17.892497017404484
3_0_nega,7_6_posi,18.05964112762611
3_0_nega,7_5_nega,14.176931098973661
3_0_nega,7_4_nega,19.187581577919662
3_0_nega,2_0_posi,20.591432516560385
3_0_nega,4_3_nega,17.5837124786699
3_0_nega,3_0_posi,29.59484647141541
3_0_nega,3_3_posi,23.55720080839608
3_0_nega,4_1_posi,22.092624404891644
3_0_nega,3_3_nega,21.921743319273304
3_0_nega,2_0_nega,25.513163253387397
3_0_nega,0_7_nega,17.91356090977258
3_0_nega,4_2_posi,23.992873400140716
3_0_nega,1_1_posi,24.796317951422175
3_0_nega,7_7_posi,18.98430111341712
3_0_nega,6_2_nega,17.01703276608265
3_0_nega,4_0_nega,22.948027900995612
3_0_nega,4_1_nega,25.359319145020574
3_0_nega,7_6_nega,20.154360214893458
3_0_nega,4_2_nega,24.405137061728404
3_0_nega,1_1_nega,27.749587950116002
3_0_nega,7_7_nega,27.48684517035052
3_0_nega,2_1_posi,34.626894381303515
3_0_nega,3_7_posi,20.973904126489906
3_0_nega,2_2_posi,33.92140326082023
3_0_nega,3_6_posi,20.008768518284672
3_0_nega,2_1_nega,31.067937460836095
3_0_nega,3_2_posi,39.57415991576642
3_0_nega,3_2_nega,34.98011441048593
3_0_nega,3_1_nega,39.193440542369174
3_0_nega,2_2_nega,34.91982532116895
3_0_nega,3_1_posi,35.87691935994929
4_1_posi,3_4_posi,11.640777625487885
4_1_posi,7_4_posi,10.060295934725163
4_1_posi,0_2_nega,12.730520620018815
4_1_posi,0_3_nega,10.513981247126967
4_1_posi,1_0_posi,10.325438235228653
4_1_posi,0_0_nega,13.442454106876747
4_1_posi,1_2_posi,15.076155960348409
4_1_posi,0_7_posi,12.300476196278893
4_1_posi,6_1_nega,12.249733386055187
4_1_posi,2_3_nega,10.528103797320231
4_1_posi,4_3_posi,14.777252261905668
4_1_posi,0_4_nega,11.862914068478071
4_1_posi,7_5_posi,14.882244751130774
4_1_posi,0_1_posi,14.550489198572123
4_1_posi,5_1_nega,14.940178344981948
4_1_posi,1_0_nega,17.303364500759127
4_1_posi,4_0_posi,20.63609282969398
4_1_posi,3_6_nega,14.283449598449591
4_1_posi,3_4_nega,17.13534302777712
4_1_posi,1_2_nega,17.924514758131608
4_1_posi,0_1_nega,19.785116058914042
4_1_posi,7_6_posi,21.552424118847966
4_1_posi,7_5_nega,19.283203111632602
4_1_posi,7_4_nega,17.47054444910443
4_1_posi,2_0_posi,24.60825428966459
4_1_posi,4_3_nega,20.092670793210157
4_1_posi,3_0_posi,25.166633127689305
4_1_posi,3_3_posi,29.02501516889679
4_1_posi,3_0_nega,23.3750826073952
4_1_posi,3_3_nega,28.949180203403017
4_1_posi,2_0_nega,27.484540838819306
4_1_posi,0_7_nega,18.403039881182366
4_1_posi,4_2_posi,26.724968286873917
4_1_posi,1_1_posi,23.790701707895302
4_1_posi,7_7_posi,22.104685844966035
4_1_posi,6_2_nega,22.52408743852801
4_1_posi,4_0_nega,22.325183510501688
4_1_posi,4_1_nega,30.923203632528242
4_1_posi,7_6_nega,20.824648972945248
4_1_posi,4_2_nega,29.39906529478483
4_1_posi,1_1_nega,27.773087519759226
4_1_posi,7_7_nega,25.995161882268803
4_1_posi,2_1_posi,37.379053538218955
4_1_posi,3_7_posi,22.93482391489413
4_1_posi,2_2_posi,32.76092155084931
4_1_posi,3_6_posi,24.129138164302205
4_1_posi,2_1_nega,32.980402959537656
4_1_posi,3_2_posi,36.463183136531285
4_1_posi,3_2_nega,34.39113781214764
4_1_posi,3_1_nega,32.76202357139899
4_1_posi,2_2_nega,35.879491406883794
4_1_posi,3_1_posi,36.801361795918204
3_3_nega,5_0_nega,10.497534593851594
3_3_nega,6_2_posi,10.948018370950493
3_3_nega,0_0_nega,11.967211297513765
3_3_nega,1_2_posi,11.992012181016198
3_3_nega,0_7_posi,12.4319422145743
3_3_nega,6_1_nega,10.432378988878188
3_3_nega,2_3_nega,11.432032695395069
3_3_nega,4_3_posi,12.290793106137698
3_3_nega,0_4_nega,13.564589411522329
3_3_nega,7_5_posi,12.943172677769315
3_3_nega,0_1_posi,12.817905740961908
3_3_nega,5_1_nega,10.532408421019477
3_3_nega,1_0_nega,15.252505363030961
3_3_nega,4_0_posi,15.177306207655057
3_3_nega,3_6_nega,11.249728263884558
3_3_nega,3_4_nega,17.34216830665432
3_3_nega,1_2_nega,17.159556311618452
3_3_nega,0_1_nega,17.35396683387294
3_3_nega,7_6_posi,19.177111890066126
3_3_nega,7_5_nega,15.443686077992382
3_3_nega,7_4_nega,20.44846663124962
3_3_nega,2_0_posi,20.248032722524265
3_3_nega,4_3_nega,17.322945034939593
3_3_nega,3_0_posi,23.587508587808916
3_3_nega,3_3_posi,24.923497974261597
3_3_nega,3_0_nega,22.32581645801302
3_3_nega,4_1_posi,25.935167425774736
3_3_nega,2_0_nega,22.305465259359586
3_3_nega,0_7_nega,16.35059334888035
3_3_nega,4_2_posi,22.48522014043177
3_3_nega,1_1_posi,23.243726099139636
3_3_nega,7_7_posi,21.483609258735715
3_3_nega,6_2_nega,16.593454626490633
3_3_nega,4_0_nega,20.962283598043925
3_3_nega,4_1_nega,22.447027871851645
3_3_nega,7_6_nega,20.05480334388133
3_3_nega,4_2_nega,23.43631809588531
3_3_nega,1_1_nega,25.661890291831913
3_3_nega,7_7_nega,22.652794517227047
3_3_nega,2_1_posi,31.658733008551543
3_3_nega,3_7_posi,25.03886772357386
3_3_nega,2_2_posi,34.32741596879821
3_3_nega,3_6_posi,23.084499835652434
3_3_nega,2_1_nega,34.26485283797904
3_3_nega,3_2_posi,31.24592303796373
3_3_nega,3_2_nega,36.74535253481218
3_3_nega,3_1_nega,36.29836354670157
3_3_nega,2_2_nega,36.40863762423997
3_3_nega,3_1_posi,36.83954062306258
2_0_nega,3_4_posi,10.309194695969989
2_0_nega,7_4_posi,10.088039769216044
2_0_nega,0_3_nega,10.450670693847142
2_0_nega,1_0_posi,12.691975068045451
2_0_nega,5_2_nega,10.09983054266769
2_0_nega,5_0_nega,12.753735945811782
2_0_nega,0_0_nega,12.311560121940168
2_0_nega,1_2_posi,14.356993901870354
2_0_nega,0_7_posi,13.745485048277022
2_0_nega,6_1_nega,12.03067766746346
2_0_nega,4_3_posi,11.931327694773477
2_0_nega,0_4_nega,11.907949201937061
2_0_nega,7_5_posi,13.865152809563149
2_0_nega,0_1_posi,11.762983670572625
2_0_nega,5_1_nega,11.999042577927774
2_0_nega,1_0_nega,13.042444927090694
2_0_nega,4_0_posi,18.117207162844565
2_0_nega,3_6_nega,12.551014787918751
2_0_nega,3_4_nega,17.058942143702808
2_0_nega,1_2_nega,17.037276727876822
2_0_nega,0_1_nega,18.78160938010214
2_0_nega,7_6_posi,19.804220261197404
2_0_nega,7_5_nega,16.727723229027593
2_0_nega,7_4_nega,19.987261839972874
2_0_nega,2_0_posi,33.472377874707
2_0_nega,4_3_nega,25.00607985142509
2_0_nega,3_0_posi,27.330635395103386
2_0_nega,3_3_posi,25.72925977845771
2_0_nega,3_0_nega,21.55809798016626
2_0_nega,4_1_posi,24.61861475943001
2_0_nega,3_3_nega,23.891343103447582
2_0_nega,0_7_nega,18.380749195480856
2_0_nega,4_2_posi,24.61552501530532
2_0_nega,1_1_posi,24.237413958660802
2_0_nega,7_7_posi,20.627311283292258
2_0_nega,6_2_nega,21.313530078005513
2_0_nega,4_0_nega,24.67447740891644
2_0_nega,4_1_nega,25.373645257421764
2_0_nega,7_6_nega,21.855816158670148
2_0_nega,4_2_nega,28.3829726714349
2_0_nega,1_1_nega,29.582450711940893
2_0_nega,7_7_nega,26.725912920479615
2_0_nega,2_1_posi,34.43327973106252
2_0_nega,3_7_posi,22.005937853401733
2_0_nega,2_2_posi,36.23582055359034
2_0_nega,3_6_posi,27.1373283318363
2_0_nega,2_1_nega,36.3315593590067
2_0_nega,3_2_posi,35.09639408635338
2_0_nega,3_2_nega,36.46839851349083
2_0_nega,3_1_nega,38.35142149881485
2_0_nega,2_2_nega,38.018472215365854
2_0_nega,3_1_posi,42.41936115335952
0_7_nega,4_3_posi,10.730997732047731
0_7_nega,7_5_posi,10.108590102589718
0_7_nega,0_1_posi,10.534716075244724
0_7_nega,5_1_nega,13.729001925366655
0_7_nega,1_0_nega,13.041119687900562
0_7_nega,4_0_posi,12.508288210262814
0_7_nega,3_6_nega,11.888043521741782
0_7_nega,3_4_nega,12.202052811451006
0_7_nega,1_2_nega,16.151577277916793
0_7_nega,0_1_nega,15.170880990607708
0_7_nega,7_6_posi,14.551066472109987
0_7_nega,7_5_nega,15.224361378086279
0_7_nega,7_4_nega,14.741091852911651
0_7_nega,2_0_posi,19.480046938147453
0_7_nega,4_3_nega,18.964321850810116
0_7_nega,3_0_posi,21.098090101853156
0_7_nega,3_3_posi,18.607474728330697
0_7_nega,3_0_nega,17.679559978201993
0_7_nega,4_1_posi,18.540425227112884
0_7_nega,3_3_nega,17.420531185872786
0_7_nega,2_0_nega,19.32242475896548
0_7_nega,4_2_posi,21.885255556002562
0_7_nega,1_1_posi,18.488033853270014
0_7_nega,7_7_posi,23.552969980988262
0_7_nega,6_2_nega,17.40761645017488
0_7_nega,4_0_nega,18.809759423090252
0_7_nega,4_1_nega,20.045616310090164
0_7_nega,7_6_nega,21.161170790172925
0_7_nega,4_2_nega,22.23638519978256
0_7_nega,1_1_nega,23.371484158190263
0_7_nega,7_7_nega,21.042446143132093
0_7_nega,2_1_posi,28.62912371175922
0_7_nega,3_7_posi,20.549357000861562
0_7_nega,2_2_posi,33.482358642549
0_7_nega,3_6_posi,21.30112180197539
0_7_nega,2_1_nega,29.3352600990201
0_7_nega,3_2_posi,29.185754397569713
0_7_nega,3_2_nega,26.146221549066862
0_7_nega,3_1_nega,32.49157941327088
0_7_nega,2_2_nega,34.19551693535217
0_7_nega,3_1_posi,36.27610818445528
4_2_posi,3_4_posi,10.142109985218623
4_2_posi,7_4_posi,10.761117848953386
4_2_posi,0_2_nega,11.417514401477613
4_2_posi,0_3_nega,10.73442536240963
4_2_posi,1_0_posi,12.337079706902797
4_2_posi,5_2_nega,10.375224725459221
4_2_posi,5_0_nega,10.074453251007187
4_2_posi,6_2_posi,11.138934540959127
4_2_posi,0_0_nega,12.63107058748494
4_2_posi,1_2_posi,11.814385185854489
4_2_posi,0_7_posi,11.836859759751269
4_2_posi,6_1_nega,11.390571077828454
4_2_posi,2_3_nega,11.337185699776455
4_2_posi,4_3_posi,14.81925905374787
4_2_posi,0_4_nega,12.936061829733811
4_2_posi,7_5_posi,17.535682985043067
4_2_posi,0_1_posi,15.6325389100179
4_2_posi,5_1_nega,11.88328276772752
4_2_posi,1_0_nega,19.650719596962247
4_2_posi,4_0_posi,18.085960802522237
4_2_posi,3_6_nega,13.675483806792839
4_2_posi,3_4_nega,18.22355123436274
4_2_posi,1_2_nega,19.663337194425804
4_2_posi,0_1_nega,18.761004341861785
4_2_posi,7_6_posi,24.956283906296875
4_2_posi,7_5_nega,17.904007471172875
4_2_posi,7_4_nega,18.126462255041528
4_2_posi,2_0_posi,25.99297518944942
4_2_posi,4_3_nega,19.744789657611452
4_2_posi,3_0_posi,27.704313447036913
4_2_posi,3_3_posi,27.071343906882767
4_2_posi,3_0_nega,25.01116363889445
4_2_posi,4_1_posi,29.361995541630257
4_2_posi,3_3_nega,25.33997719419208
4_2_posi,2_0_nega,24.099878513420002
4_2_posi,0_7_nega,22.495560785312236
4_2_posi,1_1_posi,25.37053408253488
4_2_posi,7_7_posi,24.234639280350805
4_2_posi,6_2_nega,21.462518588549884
4_2_posi,4_0_nega,26.345310107709004
4_2_posi,4_1_nega,25.104181671065348
4_2_posi,7_6_nega,22.640950023817144
4_2_posi,4_2_nega,32.00786031597616
4_2_posi,1_1_nega,33.40441371888529
4_2_posi,7_7_nega,26.069503613190125
4_2_posi,2_1_posi,40.93735892530223
4_2_posi,3_7_posi,25.16656629346943
4_2_posi,2_2_posi,42.65790057230924
4_2_posi,3_6_posi,25.247810548516274
4_2_posi,2_1_nega,35.49058236916985
4_2_posi,3_2_posi,39.296862977855255
4_2_posi,3_2_nega,35.565724321791336
4_2_posi,3_1_nega,39.65721935805342
4_2_posi,2_2_nega,39.999135115043906
4_2_posi,3_1_posi,42.69394186532398
1_1_posi,1_0_posi,12.848757468678436
1_1_posi,5_2_nega,11.138433351394019
1_1_posi,5_0_nega,11.221567176270995
1_1_posi,6_2_posi,10.266621369293782
1_1_posi,0_0_nega,13.992655590684004
1_1_posi,1_2_posi,10.759376312242216
1_1_posi,0_7_posi,12.52309598020014
1_1_posi,6_1_nega,10.720264733037434
1_1_posi,2_3_nega,11.010551854981566
1_1_posi,4_3_posi,12.009850671207026
1_1_posi,0_4_nega,11.011713299256085
1_1_posi,7_5_posi,12.189940564036448
1_1_posi,0_1_posi,12.900855129464544
1_1_posi,5_1_nega,13.769031643916234
1_1_posi,1_0_nega,13.218078838918599
1_1_posi,4_0_posi,17.238622415712836
1_1_posi,3_6_nega,15.402313655206456
1_1_posi,3_4_nega,19.911609857076677
1_1_posi,1_2_nega,16.604238330322016
1_1_posi,0_1_nega,16.67433812804315
1_1_posi,7_6_posi,19.52487046847735
1_1_posi,7_5_nega,14.839707094788299
1_1_posi,7_4_nega,18.53330975032409
1_1_posi,2_0_posi,20.74549753708189
1_1_posi,4_3_nega,18.329753755622274
1_1_posi,3_0_posi,25.983264785107924
1_1_posi,3_3_posi,23.498415325948848
1_1_posi,3_0_nega,21.25841126925897
1_1_posi,4_1_posi,23.13901168589404
1_1_posi,3_3_nega,22.712101518261825
1_1_posi,2_0_nega,20.711237386073645
1_1_posi,0_7_nega,17.822390366247088
1_1_posi,4_2_posi,22.08940490021471
1_1_posi,7_7_posi,21.805848479616916
1_1_posi,6_2_nega,15.833198336384555
1_1_posi,4_0_nega,24.600091215760212
1_1_posi,4_1_nega,26.45015174524943
1_1_posi,7_6_nega,23.02095669381599
1_1_posi,4_2_nega,25.152060424604027
1_1_posi,1_1_nega,32.72113205330702
1_1_posi,7_7_nega,29.442660784452944
1_1_posi,2_1_posi,40.392677054956806
1_1_posi,3_7_posi,28.45304656875917
1_1_posi,2_2_posi,40.65168596589905
1_1_posi,3_6_posi,25.429556878178765
1_1_posi,2_1_nega,33.858267159017714
1_1_posi,3_2_posi,36.83615809349886
1_1_posi,3_2_nega,35.38663699988644
1_1_posi,3_1_nega,38.33372757112835
1_1_posi,2_2_nega,36.75774643205543
1_1_posi,3_1_posi,41.90443962353694
7_7_posi,0_2_nega,11.417401596664558
7_7_posi,0_0_nega,11.98929176564083
7_7_posi,1_2_posi,10.337014019960552
7_7_posi,4_3_posi,10.761289733124386
7_7_posi,0_4_nega,11.560991460306294
7_7_posi,7_5_posi,11.733762522148965
7_7_posi,0_1_posi,12.010365575003526
7_7_posi,5_1_nega,11.929413515962821
7_7_posi,1_0_nega,14.555921781200002
7_7_posi,4_0_posi,16.027405256666743
7_7_posi,3_6_nega,13.668617646302085
7_7_posi,3_4_nega,17.535562882861203
7_7_posi,1_2_nega,16.182294887838506
7_7_posi,0_1_nega,16.73951211774644
7_7_posi,7_6_posi,20.888983159163004
7_7_posi,7_5_nega,15.857283572023043
7_7_posi,7_4_nega,20.29248058773553
7_7_posi,2_0_posi,21.203108855830116
7_7_posi,4_3_nega,18.539371244986206
7_7_posi,3_0_posi,20.421128376924475
7_7_posi,3_3_posi,24.152127279434534
7_7_posi,3_0_nega,21.396845774253855
7_7_posi,4_1_posi,24.02593144212428
7_7_posi,3_3_nega,21.336921827134873
7_7_posi,2_0_nega,22.347313041734772
7_7_posi,0_7_nega,18.885826529429874
7_7_posi,4_2_posi,25.565524121391007
7_7_posi,1_1_posi,21.504077932945496
7_7_posi,6_2_nega,21.1307273413917
7_7_posi,4_0_nega,22.058468342076665
7_7_posi,4_1_nega,25.373301852745158
7_7_posi,7_6_nega,21.97840937182708
7_7_posi,4_2_nega,25.337287526359574
7_7_posi,1_1_nega,27.822080494849946
7_7_posi,7_7_nega,29.774308755559236
7_7_posi,2_1_posi,34.631314534305915
7_7_posi,3_7_posi,54.599804155901545
7_7_posi,2_2_posi,38.24575094714269
7_7_posi,3_6_posi,22.76554235627847
7_7_posi,2_1_nega,32.98055822796288
7_7_posi,3_2_posi,33.8817175855527
7_7_posi,3_2_nega,33.02934690778331
7_7_posi,3_1_nega,36.98072211210509
7_7_posi,2_2_nega,37.53627512280082
7_7_posi,3_1_posi,37.93673021452919
6_2_nega,0_3_nega,10.40884132898897
6_2_nega,5_0_nega,17.353390203390273
6_2_nega,1_2_posi,10.357688450586535
6_2_nega,4_3_posi,11.041056191813851
6_2_nega,0_4_nega,10.170426294323244
6_2_nega,7_5_posi,11.48945630699112
6_2_nega,0_1_posi,11.653714387754226
6_2_nega,5_1_nega,10.503140653693531
6_2_nega,1_0_nega,12.377807238249385
6_2_nega,4_0_posi,15.32770322960392
6_2_nega,3_6_nega,11.44174877686747
6_2_nega,3_4_nega,13.699656059667555
6_2_nega,1_2_nega,16.31297700826258
6_2_nega,0_1_nega,13.125091953646317
6_2_nega,7_6_posi,18.59702917751489
6_2_nega,7_5_nega,13.265371813752587
6_2_nega,7_4_nega,16.647157892225724
6_2_nega,2_0_posi,16.633456079162254
6_2_nega,4_3_nega,16.568992099272567
6_2_nega,3_0_posi,18.472566887890874
6_2_nega,3_3_posi,18.055212214548558
6_2_nega,3_0_nega,16.044179499876027
6_2_nega,4_1_posi,21.021163303577264
6_2_nega,3_3_nega,16.88281441200377
6_2_nega,2_0_nega,18.801360655383554
6_2_nega,0_7_nega,18.9652097528493
6_2_nega,4_2_posi,19.69775599592412
6_2_nega,1_1_posi,22.32338152667771
6_2_nega,7_7_posi,18.6349965234325
6_2_nega,4_0_nega,21.97641496667822
6_2_nega,4_1_nega,19.767909289853463
6_2_nega,7_6_nega,20.356606959221576
6_2_nega,4_2_nega,24.385266344074076
6_2_nega,1_1_nega,31.632481465579318
6_2_nega,7_7_nega,20.49970460665817
6_2_nega,2_1_posi,29.438395310568367
6_2_nega,3_7_posi,23.099138168187647
6_2_nega,2_2_posi,29.992600591991067
6_2_nega,3_6_posi,20.315273782164866
6_2_nega,2_1_nega,27.70001115046575
6_2_nega,3_2_posi,29.255358660296373
6_2_nega,3_2_nega,27.37119599027025
6_2_nega,3_1_nega,27.887467608803338
6_2_nega,2_2_nega,31.793455916860218
6_2_nega,3_1_posi,34.82139494444372
4_0_nega,1_0_posi,10.86360854474462
4_0_nega,5_2_nega,11.22921716168304
4_0_nega,0_0_nega,11.930785309143246
4_0_nega,1_2_posi,11.254367022057643
4_0_nega,0_7_posi,11.801848014623523
4_0_nega,6_1_nega,10.36242007473336
4_0_nega,4_3_posi,12.853032093235877
4_0_nega,0_4_nega,11.611069882506184
4_0_nega,7_5_posi,15.290406027419081
4_0_nega,0_1_posi,14.360302270539302
4_0_nega,5_1_nega,12.511843312822581
4_0_nega,1_0_nega,18.75730750655548
4_0_nega,4_0_posi,16.056667511371266
4_0_nega,3_6_nega,12.41810922443851
4_0_nega,3_4_nega,15.334332593001015
4_0_nega,1_2_nega,16.609025960844658
4_0_nega,0_1_nega,17.83968985770095
4_0_nega,7_6_posi,19.572897781013204
4_0_nega,7_5_nega,16.534583282645666
4_0_nega,7_4_nega,23.021488232292803
4_0_nega,2_0_posi,22.867348165273143
4_0_nega,4_3_nega,19.186607113974887
4_0_nega,3_0_posi,22.928431707285917
4_0_nega,3_3_posi,22.921650170045304
4_0_nega,3_0_nega,21.532831681158147
4_0_nega,4_1_posi,21.636142266737004
4_0_nega,3_3_nega,21.822902123720734
4_0_nega,2_0_nega,24.10168783543273
4_0_nega,0_7_nega,19.200605128635406
4_0_nega,4_2_posi,25.258936177834244
4_0_nega,1_1_posi,23.595565426373653
4_0_nega,7_7_posi,23.470921504188457
4_0_nega,6_2_nega,17.742046875280526
4_0_nega,4_1_nega,24.21713895477784
4_0_nega,7_6_nega,21.647208730688682
4_0_nega,4_2_nega,25.719489193321245
4_0_nega,1_1_nega,29.52432099747299
4_0_nega,7_7_nega,26.563145593977726
4_0_nega,2_1_posi,36.34265940091574
4_0_nega,3_7_posi,22.661895698936252
4_0_nega,2_2_posi,30.427051491033662
4_0_nega,3_6_posi,24.645305093589442
4_0_nega,2_1_nega,33.78631857841931
4_0_nega,3_2_posi,33.12013186777405
4_0_nega,3_2_nega,32.74704028599782
4_0_nega,3_1_nega,32.93742026195246
4_0_nega,2_2_nega,39.70861113217905
4_0_nega,3_1_posi,38.14866658540284
4_1_nega,7_4_posi,10.472079269174694
4_1_nega,0_2_nega,10.85546059203894
4_1_nega,0_3_nega,10.476661109241789
4_1_nega,1_0_posi,11.350087874025727
4_1_nega,5_2_nega,10.53058994643974
4_1_nega,5_0_nega,12.15348202679506
4_1_nega,0_0_nega,11.354448332222852
4_1_nega,1_2_posi,10.86331497750795
4_1_nega,0_7_posi,12.795847772991491
4_1_nega,6_1_nega,14.786228446879662
4_1_nega,2_3_nega,11.08041644694756
4_1_nega,4_3_posi,12.01729857053902
4_1_nega,0_4_nega,12.624719886893418
4_1_nega,7_5_posi,12.464538901913716
4_1_nega,0_1_posi,13.625449122695684
4_1_nega,5_1_nega,13.713244692413287
4_1_nega,1_0_nega,15.447899684595246
4_1_nega,4_0_posi,18.136177715952815
4_1_nega,3_6_nega,12.621089861582185
4_1_nega,3_4_nega,17.017617411430233
4_1_nega,1_2_nega,19.9619038994924
4_1_nega,0_1_nega,17.631811949938626
4_1_nega,7_6_posi,19.434863930653034
4_1_nega,7_5_nega,20.61358634502222
4_1_nega,7_4_nega,22.13277839102657
4_1_nega,2_0_posi,24.352126210405295
4_1_nega,4_3_nega,20.48380062911704
4_1_nega,3_0_posi,27.876513995966988
4_1_nega,3_3_posi,26.079740619309874
4_1_nega,3_0_nega,24.40295654405747
4_1_nega,4_1_posi,26.712071363370338
4_1_nega,3_3_nega,24.478167136473644
4_1_nega,2_0_nega,25.81788488374087
4_1_nega,0_7_nega,21.10941704986051
4_1_nega,4_2_posi,31.63670633737009
4_1_nega,1_1_posi,22.43827779008865
4_1_nega,7_7_posi,21.860611740348197
4_1_nega,6_2_nega,23.173640440956618
4_1_nega,4_0_nega,32.67583564832561
4_1_nega,7_6_nega,28.737701677585843
4_1_nega,4_2_nega,30.548434678971162
4_1_nega,1_1_nega,31.34242822738797
4_1_nega,7_7_nega,25.636585302302116
4_1_nega,2_1_posi,40.48768825336239
4_1_nega,3_7_posi,24.11864892289924
4_1_nega,2_2_posi,40.192719185233145
4_1_nega,3_6_posi,26.830606519638334
4_1_nega,2_1_nega,42.95848107809324
4_1_nega,3_2_posi,40.32047644229095
4_1_nega,3_2_nega,38.10920588026328
4_1_nega,3_1_nega,35.429425631755244
4_1_nega,2_2_nega,39.48473444580635
4_1_nega,3_1_posi,42.466691735647146
7_6_nega,0_2_nega,11.202406603096073
7_6_nega,5_2_nega,11.398022549749953
7_6_nega,5_0_nega,10.79903455811673
7_6_nega,6_2_posi,10.67567562844804
7_6_nega,0_0_nega,10.897592820655882
7_6_nega,1_2_posi,10.717609220967176
7_6_nega,6_1_nega,11.443704551791008
7_6_nega,2_3_nega,10.069542821418775
7_6_nega,4_3_posi,10.312989041112091
7_6_nega,0_4_nega,11.618016459220119
7_6_nega,7_5_posi,11.567401253459066
7_6_nega,0_1_posi,13.050018653241956
7_6_nega,5_1_nega,10.834919409108561
7_6_nega,1_0_nega,14.470430599360709
7_6_nega,4_0_posi,16.800998725592454
7_6_nega,3_6_nega,13.542436593311962
7_6_nega,3_4_nega,16.434818255871637
7_6_nega,1_2_nega,15.818929103031962
7_6_nega,0_1_nega,20.315249374417704
7_6_nega,7_6_posi,15.376852084608291
7_6_nega,7_5_nega,16.433515087769482
7_6_nega,7_4_nega,21.10425571872858
7_6_nega,2_0_posi,21.100613089833985
7_6_nega,4_3_nega,17.83815766418466
7_6_nega,3_0_posi,20.868899715941726
7_6_nega,3_3_posi,21.50452437698502
7_6_nega,3_0_nega,22.64961971182098
7_6_nega,4_1_posi,20.861709179195245
7_6_nega,3_3_nega,23.387432165350432
7_6_nega,2_0_nega,22.999140893697565
7_6_nega,0_7_nega,19.929552824761245
7_6_nega,4_2_posi,21.56701048651613
7_6_nega,1_1_posi,23.67251184631827
7_6_nega,7_7_posi,23.480489004435334
7_6_nega,6_2_nega,20.372840386342666
7_6_nega,4_0_nega,19.02305786323961
7_6_nega,4_1_nega,24.105540781000784
7_6_nega,4_2_nega,25.739470391499307
7_6_nega,1_1_nega,31.060634939261945
7_6_nega,7_7_nega,25.273526859642075
7_6_nega,2_1_posi,38.25517680183159
7_6_nega,3_7_posi,26.353956058549088
7_6_nega,2_2_posi,37.42965347119112
7_6_nega,3_6_posi,30.974311556446544
7_6_nega,2_1_nega,40.7671948994963
7_6_nega,3_2_posi,36.91453424349072
7_6_nega,3_2_nega,35.61183582472298
7_6_nega,3_1_nega,39.49092797295712
7_6_nega,2_2_nega,41.48589339358626
7_6_nega,3_1_posi,40.501756306533174
4_2_nega,5_2_posi,10.283651152345735
4_2_nega,3_4_posi,10.485042963480117
4_2_nega,0_2_nega,10.808622690667555
4_2_nega,1_0_posi,11.17981936196571
4_2_nega,5_2_nega,11.060387194344605
4_2_nega,5_0_nega,13.970739667548443
4_2_nega,6_2_posi,12.32485308415376
4_2_nega,0_0_nega,13.766026117434231
4_2_nega,1_2_posi,13.34709645501894
4_2_nega,0_7_posi,11.193730916495632
4_2_nega,6_1_nega,12.100602788774115
4_2_nega,2_3_nega,12.56850791197347
4_2_nega,4_3_posi,15.033825884030191
4_2_nega,0_4_nega,12.249830900469826
4_2_nega,7_5_posi,13.774769168675428
4_2_nega,0_1_posi,16.300996074711893
4_2_nega,5_1_nega,13.863360502556493
4_2_nega,1_0_nega,14.546076296019265
4_2_nega,4_0_posi,19.854257974548542
4_2_nega,3_6_nega,13.179827779071353
4_2_nega,3_4_nega,20.342497414926164
4_2_nega,1_2_nega,18.497451725216898
4_2_nega,0_1_nega,21.049509619001498
4_2_nega,7_6_posi,24.290608669034285
4_2_nega,7_5_nega,22.7870158995889
4_2_nega,7_4_nega,21.145214316436924
4_2_nega,2_0_posi,24.420573342981257
4_2_nega,4_3_nega,23.709958683852747
4_2_nega,3_0_posi,27.28402353060821
4_2_nega,3_3_posi,32.59174036380667
4_2_nega,3_0_nega,24.031171026401598
4_2_nega,4_1_posi,26.984773778431048
4_2_nega,3_3_nega,28.38330766946122
4_2_nega,2_0_nega,28.09422568193734
4_2_nega,0_7_nega,23.24694882389698
4_2_nega,4_2_posi,35.77912005545405
4_2_nega,1_1_posi,27.86216627205824
4_2_nega,7_7_posi,24.39537755017648
4_2_nega,6_2_nega,22.188426695646196
4_2_nega,4_0_nega,29.087190036433213
4_2_nega,4_1_nega,29.126017956568575
4_2_nega,7_6_nega,26.295785312271263
4_2_nega,1_1_nega,34.21335822173131
4_2_nega,7_7_nega,28.745342916943265
4_2_nega,2_1_posi,43.701449325290056
4_2_nega,3_7_posi,33.26290030820987
4_2_nega,2_2_posi,48.57162770520217
4_2_nega,3_6_posi,32.93808292902103
4_2_nega,2_1_nega,46.70657533021211
4_2_nega,3_2_posi,47.09661684474593
4_2_nega,3_2_nega,50.94171204132257
4_2_nega,3_1_nega,43.83633602769018
4_2_nega,2_2_nega,46.39491652967709
4_2_nega,3_1_posi,52.97680208405367
1_1_nega,0_0_posi,12.277627813233513
1_1_nega,5_1_posi,11.453912859787447
1_1_nega,0_2_nega,12.106376478350224
1_1_nega,0_3_nega,10.97147264200538
1_1_nega,1_0_posi,12.349422185265608
1_1_nega,5_2_nega,12.940317193169637
1_1_nega,5_0_nega,12.83687461949015
1_1_nega,6_2_posi,11.521357366011678
1_1_nega,0_0_nega,13.743484010262115
1_1_nega,1_2_posi,15.126155636995481
1_1_nega,0_7_posi,13.711128385755238
1_1_nega,6_1_nega,12.854801562546164
1_1_nega,2_3_nega,11.387548076155404
1_1_nega,4_3_posi,14.759921542974244
1_1_nega,0_4_nega,15.791734491305329
1_1_nega,7_5_posi,15.373163435356245
1_1_nega,0_1_posi,15.248093772009916
1_1_nega,5_1_nega,12.87299035615248
1_1_nega,1_0_nega,19.087003503688635
1_1_nega,4_0_posi,23.405752636222644
1_1_nega,3_6_nega,16.695083563917773
1_1_nega,3_4_nega,18.84686594279297
1_1_nega,1_2_nega,23.749761177288164
1_1_nega,0_1_nega,19.78621308488764
1_1_nega,7_6_posi,25.60820426895811
1_1_nega,7_5_nega,21.668456598750936
1_1_nega,7_4_nega,20.986711710730013
1_1_nega,2_0_posi,27.109097561963594
1_1_nega,4_3_nega,25.0048061810637
1_1_nega,3_0_posi,29.96213931877663
1_1_nega,3_3_posi,29.958188117057574
1_1_nega,3_0_nega,28.28301127909178
1_1_nega,4_1_posi,28.326148234458994
1_1_nega,3_3_nega,27.410825512966625
1_1_nega,2_0_nega,33.759192530916685
1_1_nega,0_7_nega,23.428921082318947
1_1_nega,4_2_posi,32.12598021674402
1_1_nega,1_1_posi,35.13645596078293
1_1_nega,7_7_posi,25.384785485192932
1_1_nega,6_2_nega,23.950437590625317
1_1_nega,4_0_nega,29.02211720600192
1_1_nega,4_1_nega,31.859352331759936
1_1_nega,7_6_nega,29.408824033094756
1_1_nega,4_2_nega,33.26562154228059
1_1_nega,7_7_nega,32.77491604403506
1_1_nega,2_1_posi,44.79730456621238
1_1_nega,3_7_posi,30.691398491045447
1_1_nega,2_2_posi,53.6698957736652
1_1_nega,3_6_posi,33.426875360249134
1_1_nega,2_1_nega,47.251574752596326
1_1_nega,3_2_posi,51.52782373060168
1_1_nega,3_2_nega,47.0415894747333
1_1_nega,3_1_nega,53.27600518651494
1_1_nega,2_2_nega,47.47721907367429
1_1_nega,3_1_posi,54.46673058650742
7_7_nega,7_4_posi,10.142025962284405
7_7_nega,0_2_nega,10.309512904714097
7_7_nega,0_3_nega,10.632510553745012
7_7_nega,1_0_posi,10.854850458716598
7_7_nega,5_2_nega,10.834740406042062
7_7_nega,5_0_nega,11.498686845180018
7_7_nega,0_0_nega,10.737747683594048
7_7_nega,1_2_posi,10.66228133546423
7_7_nega,0_7_posi,11.336745367944175
7_7_nega,6_1_nega,11.04981958406627
7_7_nega,2_3_nega,11.782001973307775
7_7_nega,4_3_posi,12.653674759353361
7_7_nega,0_4_nega,10.678041153069863
7_7_nega,7_5_posi,11.960582463724599
7_7_nega,0_1_posi,11.362056372656246
7_7_nega,5_1_nega,15.721247629649753
7_7_nega,1_0_nega,13.943735644414884
7_7_nega,4_0_posi,15.477478174033804
7_7_nega,3_6_nega,13.671670019699006
7_7_nega,3_4_nega,18.82202147713001
7_7_nega,1_2_nega,17.535565471217122
7_7_nega,0_1_nega,21.438318693821355
7_7_nega,7_6_posi,21.169548399234966
7_7_nega,7_5_nega,17.63375683437132
7_7_nega,7_4_nega,18.50774706682047
7_7_nega,2_0_posi,21.82674276959787
7_7_nega,4_3_nega,22.74001905731536
7_7_nega,3_0_posi,19.917565179107896
7_7_nega,3_3_posi,24.492080057776494
7_7_nega,3_0_nega,22.745502496099185
7_7_nega,4_1_posi,25.305720690464028
7_7_nega,3_3_nega,24.976443574215814
7_7_nega,2_0_nega,26.09002096754584
7_7_nega,0_7_nega,20.128594988172537
7_7_nega,4_2_posi,27.8476524900575
7_7_nega,1_1_posi,21.442126360253383
7_7_nega,7_7_posi,23.765613181177955
7_7_nega,6_2_nega,23.101189508514324
7_7_nega,4_0_nega,26.857297006645492
7_7_nega,4_1_nega,27.547687588793032
7_7_nega,7_6_nega,39.05889795460813
7_7_nega,4_2_nega,27.750226685347823
7_7_nega,1_1_nega,32.715730290587
7_7_nega,2_1_posi,42.50971946388691
7_7_nega,3_7_posi,67.81943156147256
7_7_nega,2_2_posi,46.408546730644865
7_7_nega,3_6_posi,34.56456437369369
7_7_nega,2_1_nega,38.25591745389989
7_7_nega,3_2_posi,39.710418913557774
7_7_nega,3_2_nega,37.18017988739808
7_7_nega,3_1_nega,38.870847215833784
7_7_nega,2_2_nega,43.14022133498591
7_7_nega,3_1_posi,42.450348652334746
2_1_posi,0_2_posi,11.50994234912547
2_1_posi,7_1_nega,11.891682502769918
2_1_posi,0_0_posi,10.017382148851818
2_1_posi,5_1_posi,11.094656846970052
2_1_posi,0_6_nega,11.125007327687966
2_1_posi,3_4_posi,13.471609793286246
2_1_posi,7_4_posi,13.566591473993089
2_1_posi,0_2_nega,16.703951252120145
2_1_posi,0_3_nega,14.340287807274677
2_1_posi,1_0_posi,16.215225892656463
2_1_posi,5_2_nega,13.143105847065241
2_1_posi,5_0_nega,15.041997052362792
2_1_posi,6_2_posi,16.015276449848866
2_1_posi,0_0_nega,19.210957485978373
2_1_posi,1_2_posi,14.92336155205587
2_1_posi,0_7_posi,16.35276092930006
2_1_posi,6_1_nega,14.172792621459076
2_1_posi,2_3_nega,18.06225182023061
2_1_posi,4_3_posi,20.410885957101723
2_1_posi,0_4_nega,15.41331175502869
2_1_posi,7_5_posi,19.330637060905957
2_1_posi,0_1_posi,18.670640663435027
2_1_posi,5_1_nega,19.465136321100776
2_1_posi,1_0_nega,23.18388055163869
2_1_posi,4_0_posi,22.278893955601795
2_1_posi,3_6_nega,21.22727557197088
2_1_posi,3_4_nega,26.085657421800388
2_1_posi,1_2_nega,26.204194390116164
2_1_posi,0_1_nega,25.939918535801226
2_1_posi,7_6_posi,33.06941448636566
2_1_posi,7_5_nega,26.62076107775647
2_1_posi,7_4_nega,33.27756829148469
2_1_posi,2_0_posi,33.86179187967778
2_1_posi,4_3_nega,29.400153630300668
2_1_posi,3_0_posi,43.072073669941396
2_1_posi,3_3_posi,38.44166511894045
2_1_posi,3_0_nega,33.77454132008299
2_1_posi,4_1_posi,36.0044030549565
2_1_posi,3_3_nega,40.024493074528834
2_1_posi,2_0_nega,37.338217136171636
2_1_posi,0_7_nega,29.078190521834145
2_1_posi,4_2_posi,46.45670579755977
2_1_posi,1_1_posi,41.569319717471004
2_1_posi,7_7_posi,34.629258282376895
2_1_posi,6_2_nega,32.57919629309455
2_1_posi,4_0_nega,36.1148135270275
2_1_posi,4_1_nega,43.34277197793424
2_1_posi,7_6_nega,37.59673873735095
2_1_posi,4_2_nega,47.053815237956805
2_1_posi,1_1_nega,49.17895714824916
2_1_posi,7_7_nega,42.364825953315176
2_1_posi,3_7_posi,38.36425009489935
2_1_posi,2_2_posi,68.116010675666
2_1_posi,3_6_posi,41.97571652167662
2_1_posi,2_1_nega,89.88922618502198
2_1_posi,3_2_posi,59.265467352523835
2_1_posi,3_2_nega,59.37207416628818
2_1_posi,3_1_nega,58.21592942122435
2_1_posi,2_2_nega,58.90786791760924
2_1_posi,3_1_posi,75.40667026185331
3_7_posi,2_7_nega,20.805674261476696
3_7_posi,0_2_nega,11.089180134429611
3_7_posi,0_3_nega,10.513094466575884
3_7_posi,5_0_nega,10.978477729370406
3_7_posi,0_0_nega,11.043240809158789
3_7_posi,1_2_posi,10.247065749620546
3_7_posi,0_7_posi,12.384815203632698
3_7_posi,6_1_nega,10.713203278879782
3_7_posi,2_3_nega,10.074448464757968
3_7_posi,4_3_posi,12.59987362057611
3_7_posi,0_4_nega,10.599852126112605
3_7_posi,7_5_posi,12.643111548932879
3_7_posi,0_1_posi,13.577196612076087
3_7_posi,5_1_nega,12.090485675910314
3_7_posi,1_0_nega,12.806480148872645
3_7_posi,4_0_posi,16.634072125261923
3_7_posi,3_6_nega,50.66961337859183
3_7_posi,3_4_nega,17.69830760464178
3_7_posi,1_2_nega,17.64610151775126
3_7_posi,0_1_nega,18.95386397629179
3_7_posi,7_6_posi,17.233101259856607
3_7_posi,7_5_nega,18.24333636992137
3_7_posi,7_4_nega,18.66096947303923
3_7_posi,2_0_posi,17.76429097635125
3_7_posi,4_3_nega,23.82757856429982
3_7_posi,3_0_posi,22.105572606468815
3_7_posi,3_3_posi,24.089403770058972
3_7_posi,3_0_nega,26.186129653536707
3_7_posi,4_1_posi,25.34913904191826
3_7_posi,3_3_nega,34.19604589093317
3_7_posi,2_0_nega,25.358625467697138
3_7_posi,0_7_nega,23.79098513439011
3_7_posi,4_2_posi,25.047995332156447
3_7_posi,1_1_posi,23.5272204654247
3_7_posi,7_7_posi,23.080538767049912
3_7_posi,6_2_nega,26.840600431575155
3_7_posi,4_0_nega,26.604275202250864
3_7_posi,4_1_nega,27.526983154977156
3_7_posi,7_6_nega,25.954490301710305
3_7_posi,4_2_nega,28.72004782748331
3_7_posi,1_1_nega,32.02750085614102
3_7_posi,7_7_nega,24.240884207506973
3_7_posi,2_1_posi,42.08403800936861
3_7_posi,2_2_posi,53.879689755538095
3_7_posi,3_6_posi,260.7271752459222
3_7_posi,2_1_nega,51.39876404200774
3_7_posi,3_2_posi,42.63023365961042
3_7_posi,3_2_nega,42.22514164403519
3_7_posi,3_1_nega,41.07743793086275
3_7_posi,2_2_nega,45.28360580235429
3_7_posi,3_1_posi,46.86450106079584
2_2_posi,0_4_posi,10.672090160852456
2_2_posi,5_2_posi,10.437430507754543
2_2_posi,1_3_nega,11.233702861124698
2_2_posi,0_0_posi,11.787259425000927
2_2_posi,5_1_posi,10.391955429258203
2_2_posi,3_4_posi,13.880918994124128
2_2_posi,7_4_posi,15.74732808996155
2_2_posi,0_2_nega,15.639526855284021
2_2_posi,0_3_nega,14.8294160568268
2_2_posi,1_0_posi,16.898658105922674
2_2_posi,5_2_nega,15.042746275248417
2_2_posi,5_0_nega,13.085512175092816
2_2_posi,6_2_posi,13.18134335500944
2_2_posi,0_0_nega,17.929674680248464
2_2_posi,1_2_posi,16.223372862336998
2_2_posi,0_7_posi,16.357036502253344
2_2_posi,6_1_nega,13.198668096528094
2_2_posi,2_3_nega,14.395950806815385
2_2_posi,4_3_posi,17.96302134352171
2_2_posi,0_4_nega,17.40360896891331
2_2_posi,7_5_posi,19.6048667066173
2_2_posi,0_1_posi,19.332628260750752
2_2_posi,5_1_nega,17.227682986284083
2_2_posi,1_0_nega,22.99248798142687
2_2_posi,4_0_posi,22.882114614093815
2_2_posi,3_6_nega,22.169895493046667
2_2_posi,3_4_nega,24.152884272425666
2_2_posi,1_2_nega,30.802073851648608
2_2_posi,0_1_nega,23.773154013482966
2_2_posi,7_6_posi,30.17624775596108
2_2_posi,7_5_nega,24.548744107354082
2_2_posi,7_4_nega,28.16270156987251
2_2_posi,2_0_posi,31.537358206260382
2_2_posi,4_3_nega,27.869966085479497
2_2_posi,3_0_posi,33.73196964024163
2_2_posi,3_3_posi,36.92418819086399
2_2_posi,3_0_nega,35.42731810752941
2_2_posi,4_1_posi,34.343121878932415
2_2_posi,3_3_nega,34.71974826820325
2_2_posi,2_0_nega,41.74208042177398
2_2_posi,0_7_nega,30.42968085823253
2_2_posi,4_2_posi,38.05657995161034
2_2_posi,1_1_posi,37.948760905994384
2_2_posi,7_7_posi,39.92972182089475
2_2_posi,6_2_nega,28.276201629660296
2_2_posi,4_0_nega,38.45286740117168
2_2_posi,4_1_nega,41.11474472701462
2_2_posi,7_6_nega,39.45113225964418
2_2_posi,4_2_nega,46.45081144040094
2_2_posi,1_1_nega,46.576740271599114
2_2_posi,7_7_nega,41.95903100040297
2_2_posi,2_1_posi,69.73147246483494
2_2_posi,3_7_posi,41.27468193042638
2_2_posi,3_6_posi,41.977874595268844
2_2_posi,2_1_nega,64.56408305614428
2_2_posi,3_2_posi,61.82151359536082
2_2_posi,3_2_nega,57.43069339851319
2_2_posi,3_1_nega,67.558815367674
2_2_posi,2_2_nega,113.14376185785358
2_2_posi,3_1_posi,79.8378653951618
3_6_posi,7_4_posi,10.311306808024337
3_6_posi,0_3_nega,10.687029678844974
3_6_posi,5_2_nega,10.849235139354747
3_6_posi,5_0_nega,10.478065270145738
3_6_posi,0_0_nega,10.726629202298499
3_6_posi,1_2_posi,11.27482272793658
3_6_posi,6_1_nega,11.581298546040271
3_6_posi,2_3_nega,12.549001606402324
3_6_posi,4_3_posi,13.027054496726585
3_6_posi,0_4_nega,11.444433424831088
3_6_posi,7_5_posi,13.105385611246726
3_6_posi,0_1_posi,11.821924218584163
3_6_posi,5_1_nega,13.275132417797096
3_6_posi,1_0_nega,15.766974096438876
3_6_posi,4_0_posi,16.526646711667368
3_6_posi,3_6_nega,14.211487549008783
3_6_posi,3_4_nega,16.430096295581958
3_6_posi,1_2_nega,18.11405728528045
3_6_posi,0_1_nega,16.733529522251402
3_6_posi,7_6_posi,16.3948510717697
3_6_posi,7_5_nega,16.2318010928888
3_6_posi,7_4_nega,18.213160000435206
3_6_posi,2_0_posi,21.17512601378464
3_6_posi,4_3_nega,21.596445667994047
3_6_posi,3_0_posi,21.115105440355613
3_6_posi,3_3_posi,25.664650414691057
3_6_posi,3_0_nega,23.740788898357412
3_6_posi,4_1_posi,24.01494793283202
3_6_posi,3_3_nega,28.60555193021806
3_6_posi,2_0_nega,25.72782232646639
3_6_posi,0_7_nega,23.964913597490437
3_6_posi,4_2_posi,27.53540025705507
3_6_posi,1_1_posi,24.299807504029655
3_6_posi,7_7_posi,29.293982608702574
3_6_posi,6_2_nega,19.42194975034981
3_6_posi,4_0_nega,24.472248721791463
3_6_posi,4_1_nega,26.64459837204839
3_6_posi,7_6_nega,25.710280551591957
3_6_posi,4_2_nega,27.82033617679934
3_6_posi,1_1_nega,30.41852190002858
3_6_posi,7_7_nega,30.23223855438337
3_6_posi,2_1_posi,40.61589272695943
3_6_posi,2_2_posi,40.76439538846643
3_6_posi,2_1_nega,46.37921068722642
3_6_posi,3_2_posi,49.88135912596411
3_6_posi,3_2_nega,40.150633618015995
3_6_posi,3_1_nega,39.300593884171946
3_6_posi,2_2_nega,40.89628808695801
3_6_posi,3_1_posi,43.30108233794172
2_1_nega,0_2_posi,10.491958097706629
2_1_nega,1_3_nega,11.074349428133084
2_1_nega,0_0_posi,11.023480960693892
2_1_nega,3_4_posi,10.609918620199752
2_1_nega,0_2_nega,13.081178787107147
2_1_nega,0_3_nega,12.362780295939073
2_1_nega,1_0_posi,12.292682455599866
2_1_nega,5_2_nega,12.44752964101673
2_1_nega,5_0_nega,11.89479571898431
2_1_nega,6_2_posi,14.042022707184794
2_1_nega,0_0_nega,14.854738610199158
2_1_nega,1_2_posi,13.966645606152563
2_1_nega,0_7_posi,13.695655951611702
2_1_nega,6_1_nega,15.811036166373245
2_1_nega,2_3_nega,16.113705485892098
2_1_nega,4_3_posi,15.864518283494101
2_1_nega,0_4_nega,13.886738598081875
2_1_nega,7_5_posi,16.201485723778294
2_1_nega,0_1_posi,20.2460793375042
2_1_nega,5_1_nega,17.78098149389398
2_1_nega,1_0_nega,18.85613926501527
2_1_nega,4_0_posi,20.9957007323941
2_1_nega,3_6_nega,20.82859677863263
2_1_nega,3_4_nega,23.40307792005397
2_1_nega,1_2_nega,24.803571648841444
2_1_nega,0_1_nega,23.086489017247786
2_1_nega,7_6_posi,23.336277043538033
2_1_nega,7_5_nega,24.259479930575505
2_1_nega,7_4_nega,24.934708559936983
2_1_nega,2_0_posi,30.187132797580418
2_1_nega,4_3_nega,27.83676157486337
2_1_nega,3_0_posi,32.16196363526791
2_1_nega,3_3_posi,34.38899611440077
2_1_nega,3_0_nega,33.60499823132359
2_1_nega,4_1_posi,30.742215719109637
2_1_nega,3_3_nega,33.611824467629404
2_1_nega,2_0_nega,39.49359973462053
2_1_nega,0_7_nega,29.991583506401767
2_1_nega,4_2_posi,31.642951019897943
2_1_nega,1_1_posi,37.670929737434236
2_1_nega,7_7_posi,32.360157001105954
2_1_nega,6_2_nega,28.95576369242682
2_1_nega,4_0_nega,36.911831645251965
2_1_nega,4_1_nega,39.638336477797786
2_1_nega,7_6_nega,34.33873238260079
2_1_nega,4_2_nega,44.34538502899123
2_1_nega,1_1_nega,49.675851317333695
2_1_nega,7_7_nega,42.36068572911441
2_1_nega,2_1_posi,83.04606284314839
2_1_nega,3_7_posi,40.95876642639081
2_1_nega,2_2_posi,61.619864545578196
2_1_nega,3_6_posi,44.24203380273719
2_1_nega,3_2_posi,58.21415544360066
2_1_nega,3_2_nega,56.82096288936952
2_1_nega,3_1_nega,58.748871332271406
2_1_nega,2_2_nega,61.08795670891703
2_1_nega,3_1_posi,66.284440790501
3_2_posi,5_2_posi,10.07420579937834
3_2_posi,7_1_nega,10.63190980422997
3_2_posi,1_3_nega,11.564842960294442
3_2_posi,5_1_posi,11.31968738609337
3_2_posi,0_6_nega,10.442217843396476
3_2_posi,3_4_posi,10.436881015617162
3_2_posi,7_4_posi,10.934264195048362
3_2_posi,0_2_nega,13.572336108611228
3_2_posi,0_3_nega,13.032913332522538
3_2_posi,1_0_posi,14.419879759580837
3_2_posi,5_2_nega,14.310512281580046
3_2_posi,5_0_nega,14.392847028354522
3_2_posi,6_2_posi,14.321313065225798
3_2_posi,0_0_nega,16.325930352085745
3_2_posi,1_2_posi,16.13910002795435
3_2_posi,0_7_posi,16.246753376059157
3_2_posi,6_1_nega,15.11277460948426
3_2_posi,2_3_nega,16.798691294262966
3_2_posi,4_3_posi,19.0828230113658
3_2_posi,0_4_nega,19.03590632563028
3_2_posi,7_5_posi,20.508110590844517
3_2_posi,0_1_posi,17.780971617691304
3_2_posi,5_1_nega,20.39433459279604
3_2_posi,1_0_nega,26.22331437940994
3_2_posi,4_0_posi,23.950998032153535
3_2_posi,3_6_nega,20.534597159603862
3_2_posi,3_4_nega,26.983093609780543
3_2_posi,1_2_nega,28.484549954536092
3_2_posi,0_1_nega,26.11283023044482
3_2_posi,7_6_posi,30.690231092407316
3_2_posi,7_5_nega,26.872740824735033
3_2_posi,7_4_nega,27.98727065535263
3_2_posi,2_0_posi,33.98718183265579
3_2_posi,4_3_nega,27.177795907683645
3_2_posi,3_0_posi,35.124322789777715
3_2_posi,3_3_posi,36.59173934803931
3_2_posi,3_0_nega,33.5895362363678
3_2_posi,4_1_posi,38.23511162744153
3_2_posi,3_3_nega,33.80978039543259
3_2_posi,2_0_nega,40.37048416317366
3_2_posi,0_7_nega,32.29322803346918
3_2_posi,4_2_posi,38.59121125888694
3_2_posi,1_1_posi,34.83103278811666
3_2_posi,7_7_posi,33.26787602721411
3_2_posi,6_2_nega,28.459436567295782
3_2_posi,4_0_nega,39.74449770439409
3_2_posi,4_1_nega,43.272499745873034
3_2_posi,7_6_nega,39.184192457831614
3_2_posi,4_2_nega,45.116849182712
3_2_posi,1_1_nega,47.2707867634258
3_2_posi,7_7_nega,40.531605735863366
3_2_posi,2_1_posi,61.66072941201186
3_2_posi,3_7_posi,36.77160225233464
3_2_posi,2_2_posi,61.9838243669775
3_2_posi,3_6_posi,46.371578458027464
3_2_posi,2_1_nega,57.293237571120414
3_2_posi,3_2_nega,88.68184251815899
3_2_posi,3_1_nega,58.481526082223894
3_2_posi,2_2_nega,62.573501492852145
3_2_posi,3_1_posi,76.83571875822946
3_2_nega,0_2_posi,10.682405454199692
3_2_nega,0_0_posi,11.131981523512318
3_2_nega,5_1_posi,10.658614935155793
3_2_nega,3_4_posi,12.082500277720165
3_2_nega,7_4_posi,10.64620074529417
3_2_nega,0_2_nega,11.960365017930044
3_2_nega,0_3_nega,12.451510713051789
3_2_nega,1_0_posi,12.66628947030466
3_2_nega,5_2_nega,11.841439459771102
3_2_nega,5_0_nega,14.354798966031732
3_2_nega,6_2_posi,11.80901904196925
3_2_nega,0_0_nega,15.845430412526273
3_2_nega,1_2_posi,14.54606576659297
3_2_nega,0_7_posi,14.290482910373834
3_2_nega,6_1_nega,16.134808360216432
3_2_nega,2_3_nega,14.061255321383971
3_2_nega,4_3_posi,16.45017386616
3_2_nega,0_4_nega,13.96231686941059
3_2_nega,7_5_posi,15.404157478527289
3_2_nega,0_1_posi,17.461968950875843
3_2_nega,5_1_nega,18.84858866088961
3_2_nega,1_0_nega,18.243960007040442
3_2_nega,4_0_posi,22.40987293636979
3_2_nega,3_6_nega,19.30215706673944
3_2_nega,3_4_nega,25.26763389368983
3_2_nega,1_2_nega,22.691208969009963
3_2_nega,0_1_nega,22.787647761243324
3_2_nega,7_6_posi,27.037653687312016
3_2_nega,7_5_nega,22.789410849640667
3_2_nega,7_4_nega,26.602035218345307
3_2_nega,2_0_posi,28.763047853996706
3_2_nega,4_3_nega,29.693011795464397
3_2_nega,3_0_posi,31.588959212307568
3_2_nega,3_3_posi,35.45838228363793
3_2_nega,3_0_nega,32.40832361897426
3_2_nega,4_1_posi,32.5133953491169
3_2_nega,3_3_nega,31.08253357917409
3_2_nega,2_0_nega,36.79599166942616
3_2_nega,0_7_nega,32.97595600467882
3_2_nega,4_2_posi,36.953033159071815
3_2_nega,1_1_posi,33.516920271417085
3_2_nega,7_7_posi,32.59660175594236
3_2_nega,6_2_nega,29.171976966813645
3_2_nega,4_0_nega,31.39221193054982
3_2_nega,4_1_nega,43.00831869409734
3_2_nega,7_6_nega,35.715899127195335
3_2_nega,4_2_nega,38.62526960367373
3_2_nega,1_1_nega,44.245059326226766
3_2_nega,7_7_nega,40.390093267067144
3_2_nega,2_1_posi,56.31238578012533
3_2_nega,3_7_posi,39.21161017809577
3_2_nega,2_2_posi,59.61834019563478
3_2_nega,3_6_posi,36.47925242974165
3_2_nega,2_1_nega,57.699980627849015
3_2_nega,3_2_posi,80.81206258563218
3_2_nega,3_1_nega,70.94893703960206
3_2_nega,2_2_nega,59.34641511150234
3_2_nega,3_1_posi,68.94813785365861
3_1_nega,0_2_posi,10.51286827070092
3_1_nega,0_0_posi,10.715573215215066
3_1_nega,5_1_posi,10.240285160827414
3_1_nega,3_4_posi,12.531697005629901
3_1_nega,7_4_posi,11.986576851444989
3_1_nega,0_2_nega,11.582311792574586
3_1_nega,0_3_nega,12.607751828133871
3_1_nega,1_0_posi,14.156131859890365
3_1_nega,5_2_nega,12.071843152532105
3_1_nega,5_0_nega,12.83687786144036
3_1_nega,6_2_posi,13.484126631834634
3_1_nega,0_0_nega,15.374399816106578
3_1_nega,1_2_posi,14.436328722392345
3_1_nega,0_7_posi,16.27924690884404
3_1_nega,6_1_nega,15.872696133616282
3_1_nega,2_3_nega,12.949788019072813
3_1_nega,4_3_posi,16.477299048156556
3_1_nega,0_4_nega,14.411578597850554
3_1_nega,7_5_posi,16.430228388851642
3_1_nega,0_1_posi,19.12203700333634
3_1_nega,5_1_nega,24.607361282283748
3_1_nega,1_0_nega,20.966375409936322
3_1_nega,4_0_posi,22.935560196149257
3_1_nega,3_6_nega,21.181610562704222
3_1_nega,3_4_nega,24.519368085771504
3_1_nega,1_2_nega,23.012259498046195
3_1_nega,0_1_nega,26.412814191220804
3_1_nega,7_6_posi,23.78241680074282
3_1_nega,7_5_nega,24.0125486169038
3_1_nega,7_4_nega,25.391639425463215
3_1_nega,2_0_posi,30.899477944886485
3_1_nega,4_3_nega,27.57816887158925
3_1_nega,3_0_posi,35.26917009627842
3_1_nega,3_3_posi,36.789090075067
3_1_nega,3_0_nega,36.15801506867688
3_1_nega,4_1_posi,35.032261318874355
3_1_nega,3_3_nega,33.88910289358558
3_1_nega,2_0_nega,33.67902272662715
3_1_nega,0_7_nega,30.522098013201845
3_1_nega,4_2_posi,34.76445116953951
3_1_nega,1_1_posi,37.33523303557373
3_1_nega,7_7_posi,33.404270729906
3_1_nega,6_2_nega,29.979040080777594
3_1_nega,4_0_nega,33.099853800544764
3_1_nega,4_1_nega,40.94135432652252
3_1_nega,7_6_nega,42.9874548542876
3_1_nega,4_2_nega,46.541971347414986
3_1_nega,1_1_nega,46.04732591487215
3_1_nega,7_7_nega,38.53157600721765
3_1_nega,2_1_posi,57.40732159102117
3_1_nega,3_7_posi,40.54858413538737
3_1_nega,2_2_posi,58.66508680133648
3_1_nega,3_6_posi,39.99240685659916
3_1_nega,2_1_nega,59.65644262697711
3_1_nega,3_2_posi,54.60366957635023
3_1_nega,3_2_nega,58.52626986114254
3_1_nega,2_2_nega,61.033135979460894
3_1_nega,3_1_posi,118.01662829064179
2_2_nega,1_3_nega,10.175535336864153
2_2_nega,0_0_posi,13.196464413073938
2_2_nega,3_4_posi,12.728408030651766
2_2_nega,7_4_posi,11.875643485218648
2_2_nega,0_2_nega,12.936405434289677
2_2_nega,0_3_nega,13.427424687004013
2_2_nega,1_0_posi,16.886588334152123
2_2_nega,5_2_nega,13.256913603048089
2_2_nega,5_0_nega,14.551193569307708
2_2_nega,6_2_posi,12.81011533317708
2_2_nega,0_0_nega,16.861790090558703
2_2_nega,1_2_posi,15.937216872324512
2_2_nega,0_7_posi,15.93106772365676
2_2_nega,6_1_nega,15.286960754314885
2_2_nega,2_3_nega,13.924765229011715
2_2_nega,4_3_posi,17.758966999306814
2_2_nega,0_4_nega,15.355448703317652
2_2_nega,7_5_posi,19.318680196478155
2_2_nega,0_1_posi,18.483856595571233
2_2_nega,5_1_nega,18.179977494243428
2_2_nega,1_0_nega,19.382756792404255
2_2_nega,4_0_posi,22.98718691534487
2_2_nega,3_6_nega,19.589154531493108
2_2_nega,3_4_nega,24.83939864466805
2_2_nega,1_2_nega,25.24173863738477
2_2_nega,0_1_nega,23.53200594824525
2_2_nega,7_6_posi,29.682467385869316
2_2_nega,7_5_nega,27.553043733155917
2_2_nega,7_4_nega,26.146866103149097
2_2_nega,2_0_posi,37.91728966308543
2_2_nega,4_3_nega,26.981705422038686
2_2_nega,3_0_posi,34.30797107082213
2_2_nega,3_3_posi,38.619537449293404
2_2_nega,3_0_nega,34.64616106955947
2_2_nega,4_1_posi,40.50604039217995
2_2_nega,3_3_nega,41.874715977260166
2_2_nega,2_0_nega,37.53197812023793
2_2_nega,0_7_nega,30.154656640176366
2_2_nega,4_2_posi,37.52584056290802
2_2_nega,1_1_posi,41.60256307746394
2_2_nega,7_7_posi,33.338971894409774
2_2_nega,6_2_nega,28.557816135297106
2_2_nega,4_0_nega,34.762098233268375
2_2_nega,4_1_nega,39.3455695076632
2_2_nega,7_6_nega,42.001998539306705
2_2_nega,4_2_nega,41.64696837070706
2_2_nega,1_1_nega,48.58225023758625
2_2_nega,7_7_nega,47.9461425650574
2_2_nega,2_1_posi,61.86222800939376
2_2_nega,3_7_posi,43.035270355183584
2_2_nega,2_2_posi,109.92981708863063
2_2_nega,3_6_posi,41.88292221928631
2_2_nega,2_1_nega,64.86266921368211
2_2_nega,3_2_posi,69.8931352892606
2_2_nega,3_2_nega,61.65785331501098
2_2_nega,3_1_nega,106.77472299624044
2_2_nega,3_1_posi,89.81191160966398
3_1_posi,2_3_posi,11.8703636811407
3_1_posi,5_2_posi,12.25602771743827
3_1_posi,7_1_nega,11.752447596684283
3_1_posi,0_0_posi,11.462265810230063
3_1_posi,5_1_posi,12.890056007257375
3_1_posi,3_4_posi,14.174805097263572
3_1_posi,7_4_posi,13.997397928312783
3_1_posi,0_2_nega,13.796208783608092
3_1_posi,0_3_nega,13.328901183743202
3_1_posi,1_0_posi,16.050156586468294
3_1_posi,5_2_nega,17.17136790390659
3_1_posi,5_0_nega,14.819619933973975
3_1_posi,6_2_posi,16.85427602296255
3_1_posi,0_0_nega,18.468204483742806
3_1_posi,1_2_posi,16.260388561734228
3_1_posi,0_7_posi,17.48988910083433
3_1_posi,6_1_nega,21.887067777618313
3_1_posi,2_3_nega,15.00806404756514
3_1_posi,4_3_posi,20.03319656734787
3_1_posi,0_4_nega,21.579223720579705
3_1_posi,7_5_posi,21.765801942157044
3_1_posi,0_1_posi,19.38364685374639
3_1_posi,5_1_nega,20.49286478925314
3_1_posi,1_0_nega,25.724503199941662
3_1_posi,4_0_posi,28.744571201296147
3_1_posi,3_6_nega,21.295197587657302
3_1_posi,3_4_nega,29.659143253278355
3_1_posi,1_2_nega,31.01053786633876
3_1_posi,0_1_nega,29.174902464173524
3_1_posi,7_6_posi,31.548780952917447
3_1_posi,7_5_nega,29.907057587211824
3_1_posi,7_4_nega,31.179871825408487
3_1_posi,2_0_posi,42.37915385244034
3_1_posi,4_3_nega,34.01455083312094
3_1_posi,3_0_posi,45.65939595391655
3_1_posi,3_3_posi,43.806715650776304
3_1_posi,3_0_nega,40.28912561563089
3_1_posi,4_1_posi,41.88840065954435
3_1_posi,3_3_nega,37.672652750243735
3_1_posi,2_0_nega,45.055979986862965
3_1_posi,0_7_nega,35.97797332668087
3_1_posi,4_2_posi,45.214643163228445
3_1_posi,1_1_posi,41.652384633042836
3_1_posi,7_7_posi,37.840704602668225
3_1_posi,6_2_nega,33.29099381608581
3_1_posi,4_0_nega,39.566160900157286
3_1_posi,4_1_nega,46.65388508099708
3_1_posi,7_6_nega,40.00633084079192
3_1_posi,4_2_nega,46.68791011673022
3_1_posi,1_1_nega,52.273949266321395
3_1_posi,7_7_nega,52.407341817270144
3_1_posi,2_1_posi,68.02609770305826
3_1_posi,3_7_posi,43.453287945578246
3_1_posi,2_2_posi,67.84290718577343
3_1_posi,3_6_posi,46.8106662228188
3_1_posi,2_1_nega,67.39474655885327
3_1_posi,3_2_posi,82.60741538167285
3_1_posi,3_2_nega,64.67918873000103
3_1_posi,3_1_nega,138.59404827717344
3_1_posi,2_2_nega,67.49780990954558
